0,Noah Kahan,Stick Season,track,Stick Season,14,2022-10-14
1,Djo,End of Beginning,track,DECIDE,13,2022-09-16
2,Sabrina Carpenter,Nonsense,track,emails i can't send,13,2022-07-15
3,SZA,Snooze,track,SOS,23,2022-12-09
4,d4vd,Romantic Homicide,track,Romantic Homicide,1,2022-07-20
5,SZA,Kill Bill,track,SOS,23,2022-12-08
6,Josh Meloy,Porch Light,track,Porch Light,1,2022-11-18
7,Noah Kahan,All My Love,track,Stick Season,14,2022-10-14
8,Harry Styles,As It Was,track,Harry's House,13,2022-05-20
9,Suki Waterhouse,Good Looking,track,Good Looking,3,2022-08-18
10,Lil Durk,Broadway Girls (feat. Morgan Wallen),track,7220 (Reloaded),18,2022-03-10
11,beabadoobee,the perfect pair,track,Beatopia,14,2022-07-15
12,SZA,Good Days,track,SOS,23,2022-12-09
13,Drake,Jimmy Cooks (feat. 21 Savage),track,"Honestly, Nevermind",14,2022-06-17
14,Sabrina Carpenter,because i liked a boy,track,emails i can't send,13,2022-07-15
15,Noah Kahan,Northern Attitude,track,Stick Season,14,2022-10-14
16,JID,Surround Sound (feat. 21 Savage & Baby Tate),track,The Forever Story (Extended Version),16,2022-10-31
17,Lizzy McAlpine,ceilings,track,five seconds flat,14,2022-04-08
18,Taylor Swift,Anti-Hero,track,Midnights,13,2022-10-21
19,SZA,Open Arms (feat. Travis Scott),track,SOS,23,2022-12-08
20,David Guetta,I'm Good (Blue),track,I'm Good (Blue),2,2022-08-26
21,Wyatt Flores,Please Don't Go,track,Please Don't Go,1,2022-07-15
22,Billie Eilish,TV,track,Guitar Songs,2,2022-07-21
23,Noah Kahan,Orange Juice,track,Stick Season,14,2022-10-14
24,ERNEST,Flower Shops (feat. Morgan Wallen),track,FLOWER SHOPS (THE ALBUM),11,2022-03-11
25,LECADE,When Im Gone,track,When Im Gone,1,2022-05-27
26,Drake,Spin Bout U,track,Her Loss,16,2022-11-04
27,Omar Apollo,Evergreen (You Didn’t Deserve Me At All),track,Ivory,16,2022-04-08
28,Lainey Wilson,Watermelon Moonshine,track,Bell Bottom Country,16,2022-11-28
29,Imagine Dragons,Bones,track,Mercury - Acts 1 & 2,32,2022-07-01
30,Meghan Trainor,Made You Look,track,Takin' It Back,16,2022-10-21
31,Noah Kahan,New Perspective,track,Stick Season,14,2022-10-14
32,Post Malone,I Like You (A Happier Song) (with Doja Cat),track,Twelve Carat Toothache,14,2022-06-03
33,Benson Boone,NIGHTS LIKE THESE,track,Walk Me Home...,8,2022-07-29
34,Tate McRae,she's all i wanna be,track,i used to think i could fly,13,2022-05-27
35,OneRepublic,I Ain't Worried,track,"I Ain’t Worried (Music From The Motion Picture ""Top Gun: Maverick"")",1,2022-05-13
36,Taylor Swift,Karma,track,Midnights,13,2022-10-21
37,SZA,Low,track,SOS,23,2022-12-09
38,Lainey Wilson,Heart Like A Truck,track,Bell Bottom Country,16,2022-11-28
39,Noah Kahan,Homesick,track,Stick Season,14,2022-10-14
40,Drake,Rich Flex,track,Her Loss,16,2022-11-04
41,The Weeknd,Is There Someone Else?,track,Dawn FM,16,2022-01-06
42,Cults,Gilded Lily,track,Offering,13,2022-10-26
43,Sabrina Carpenter,Read your Mind,track,emails i can't send,13,2022-07-15
44,JVKE,golden hour,track,this is what ____ feels like (Vol. 1-4),12,2022-09-23
45,SZA,Awkward,track,Ctrl (Deluxe),21,2022-06-09
46,Noah Kahan,"Everywhere, Everything",track,Stick Season,14,2022-10-14
47,Chance Peña,In My Room,track,In My Room,1,2022-05-06
48,SZA,Kill Bill,track,SOS,23,2022-12-09
49,Becky G,MAMIII,track,ESQUEMAS,14,2022-05-13
50,Conan Gray,People Watching,track,Superache,12,2022-06-24
51,Feid,Feliz Cumpleaños Ferxxo,track,FELIZ CUMPLEAÑOS FERXXO TE PIRATEAMOS EL ÁLBUM,15,2022-09-14
52,Harry Styles,Late Night Talking,track,Harry's House,13,2022-05-20
53,Taylor Swift,"You're On Your Own, Kid",track,Midnights,13,2022-10-21
54,Imagine Dragons,Enemy (with JID) - from the series Arcane League of Legends,track,Mercury - Acts 1 & 2,32,2022-07-01
55,Taylor Swift,Lavender Haze,track,Midnights,13,2022-10-21
56,Rema,Calm Down (with Selena Gomez),track,Calm Down (with Selena Gomez),1,2022-08-25
57,Conan Gray,Memories,track,Superache,12,2022-06-24
58,SZA,Shirt,track,SOS,23,2022-12-09
59,Taylor Swift,Bejeweled,track,Midnights,13,2022-10-21
60,Hotel Ugly,Shut up My Moms Calling (Sped up),track,Shut up My Moms Calling (Sped up),2,2022-09-14
61,Joji,Glimpse of Us,track,Glimpse of Us,1,2022-06-10
62,Dhruv,double take,track,rapunzel,8,2022-01-21
63,Alok,Deep Down (feat. Never Dull),track,Deep Down (feat. Never Dull),1,2022-06-17
64,Warren Zeiders,Ride the Lightning - 717 Tapes,track,717 Tapes the Album,15,2022-09-30
65,Drake,Hours In Silence,track,Her Loss,16,2022-11-04
66,Chance Peña,Sleep Deprivation,track,Sleep Deprivation,1,2022-04-01
67,Riley Green,Hell Of A Way To Go,track,Hell Of A Way To Go,1,2022-05-13
68,Conan Gray,Family Line,track,Superache,12,2022-06-24
69,SZA,Open Arms (feat. Travis Scott),track,SOS,23,2022-12-09
70,JVKE,this is what falling in love feels like,track,this is what ____ feels like (Vol. 1-4),12,2022-09-23
71,Jack Harlow,First Class,track,Come Home The Kids Miss You,15,2022-05-06
72,Sam Smith,Unholy (feat. Kim Petras),track,Unholy (feat. Kim Petras),1,2022-09-22
73,NewJeans,Ditto,track,Ditto,1,2022-12-19
74,SZA,Ghost in the Machine (feat. Phoebe Bridgers),track,SOS,23,2022-12-09
75,Joji,Glimpse of Us,track,SMITHEREENS,9,2022-11-04
76,Taylor Swift,Midnight Rain,track,Midnights,13,2022-10-21
77,Feid,Normal,track,FELIZ CUMPLEAÑOS FERXXO TE PIRATEAMOS EL ÁLBUM,15,2022-09-14
78,Suki Waterhouse,Moves,track,I Can't Let Go,10,2022-05-06
79,Bryan Martin,Memory to Drown,track,Self Inflicted Scars,12,2022-04-29
80,Benson Boone,Before You,track,Before You,1,2022-10-28
81,JVKE,golden hour,track,this is what falling in love feels like (554Hz),3,2022-10-03
82,Swedish House Mafia,Moth To A Flame (with The Weeknd),track,Paradise Again,17,2022-04-15
83,Conan Gray,Astronomy,track,Superache,12,2022-06-24
84,Tory Lanez,I LIKE,track,I LIKE,1,2022-04-22
85,Joji,Die For You,track,SMITHEREENS,9,2022-11-04
86,Doja Cat,Vegas (From the Original Motion Picture Soundtrack ELVIS),track,Vegas (From the Original Motion Picture Soundtrack ELVIS),1,2022-05-06
87,Feid,CHORRITO PA LAS ANIMAS,track,SIXDO,6,2022-12-02
88,Beyoncé,CUFF IT,track,RENAISSANCE,16,2022-07-29
89,Ozuna,Hey Mor,track,OzuTochi,18,2022-10-07
90,Wyatt Flores,Losing Sleep,track,Losing Sleep,1,2022-02-11
91,Bryan Martin,Everyone's An Outlaw,track,Self Inflicted Scars,12,2022-04-29
92,Warren Zeiders,Up To No Good,track,717 Tapes the Album,15,2022-09-30
93,Sean Paul,Get Busy,track,Dutty Rock (20th Anniversary),21,2022-11-11
94,Yuridia,Qué Agonía,track,Pa' Luego Es Tarde,14,2022-10-20
95,Bizarrap,"Quevedo: Bzrp Music Sessions, Vol. 52",track,"Quevedo: Bzrp Music Sessions, Vol. 52",1,2022-07-06
96,Josh Meloy,You Here Tonight,track,You Here Tonight,1,2022-08-26
97,Drake,On BS,track,Her Loss,16,2022-11-04
98,NewJeans,Hype Boy,track,NewJeans 1st EP 'New Jeans',4,2022-08-01
99,Drake,Pussy & Millions (feat. Travis Scott),track,Her Loss,16,2022-11-04
100,Lizzy McAlpine,doomsday,track,five seconds flat,14,2022-04-08
101,The Weeknd,Out of Time,track,Dawn FM,16,2022-01-06
102,SZA,Love Language,track,SOS,23,2022-12-09
103,Hailey Whitters,Everything She Ain’t,track,Raised,17,2022-03-18
104,ROSALÍA,DESPECHÁ,track,MOTOMAMI +,24,2022-09-09
105,Noah Kahan,She Calls Me Back,track,Stick Season,14,2022-10-14
106,Billie Eilish,The 30th,track,Guitar Songs,2,2022-07-21
107,Hotel Ugly,I Think I Left the Stove On,track,I Think I Left the Stove On,1,2022-07-14
108,Ethel Cain,American Teenager,track,Preacher’s Daughter,13,2022-05-12
109,David Kushner,Mr. Forgettable,track,Footprints I Found,7,2022-09-16
110,Treaty Oak Revival,Stay Tuned,track,Stay Tuned,1,2022-04-01
111,Drake,Privileged Rappers,track,Her Loss,16,2022-11-04
112,Noah Kahan,Growing Sideways,track,Stick Season,14,2022-10-14
113,NewJeans,Attention,track,NewJeans 1st EP 'New Jeans',4,2022-08-01
114,Marshmello,Numb,track,Numb,1,2022-06-10
115,Harry Styles,Satellite,track,Harry's House,13,2022-05-20
116,Taylor Swift,Maroon,track,Midnights,13,2022-10-21
117,Sabrina Carpenter,emails i can’t send,track,emails i can't send,13,2022-07-15
118,Tate McRae,uh oh,track,uh oh,1,2022-09-30
119,Benson Boone,In The Stars,track,In The Stars,1,2022-04-29
120,Riton,Fake ID (Coke & Rum Remix),track,Fake ID (Coke & Rum Remix),1,2022-12-15
121,JIN,The Astronaut,track,The Astronaut,1,2022-10-28
122,Post Malone,Cooped Up / Return Of The Mack,track,Cooped Up / Return Of The Mack,1,2022-10-21
123,Conan Gray,The Exit,track,Superache,12,2022-06-24
124,Swedish House Mafia,Heaven Takes You Home (feat. Connie Constance),track,Paradise Again,17,2022-04-15
125,Kylie Morgan,If He Wanted To He Would,track,P.S.,7,2022-07-01
126,Matt Hansen,better off without me,track,better off without me,1,2022-03-04
127,SZA,I Hate U,track,SOS,23,2022-12-09
128,Harry Styles,Little Freak,track,Harry's House,13,2022-05-20
129,Sabrina Carpenter,Vicious,track,emails i can't send,13,2022-07-15
130,Shaboozey,Tall Boy,track,"Cowboys Live Forever, Outlaws Never Die",14,2022-10-07
131,Harry Styles,Keep Driving,track,Harry's House,13,2022-05-20
132,Alesso,Words (feat. Zara Larsson),track,Words (feat. Zara Larsson),1,2022-04-22
133,Taylor Swift,Mastermind,track,Midnights,13,2022-10-21
134,Connor Price,SPLAT,track,SPLAT,1,2022-05-20
135,Kenshi Yonezu,KICK BACK,track,KICK BACK,1,2022-10-12
136,Sadie Jean,Locksmith,track,Locksmith,1,2022-10-07
137,The Weeknd,Less Than Zero,track,Dawn FM,16,2022-01-06
138,Sabrina Carpenter,Already Over,track,emails i can't send,13,2022-07-15
139,Sabrina Carpenter,Fast Times,track,emails i can't send,13,2022-07-15
140,mgk,maybe (feat. Bring Me The Horizon),track,mainstream sellout,16,2022-03-25
141,Drake,Circo Loco,track,Her Loss,16,2022-11-04
142,Imanbek,Belly Dancer,track,Belly Dancer,1,2022-02-18
143,Imagine Dragons,Bones,track,Bones,1,2022-03-11
144,Drake,Sticky,track,"Honestly, Nevermind",14,2022-06-17
145,Manuel Turizo,La Bachata,track,La Bachata,1,2022-05-26
146,Tyler Hubbard,5 Foot 9,track,5 Foot 9,1,2022-05-20
147,Feid,Ferxxo 100,track,FELIZ CUMPLEAÑOS FERXXO TE PIRATEAMOS EL ÁLBUM,15,2022-09-14
148,Alec Benjamin,Devil Doesn’t Bargain,track,(Un)Commentary,13,2022-04-15
149,Megan Moroney,Tennessee Orange,track,Tennessee Orange,1,2022-09-02
150,Ethel Cain,Strangers,track,Preacher’s Daughter,13,2022-05-12
151,Big Thief,Simulation Swarm,track,Dragon New Warm Mountain I Believe In You,20,2022-02-11
152,Bryan Martin,More Than The Shine,track,Self Inflicted Scars,12,2022-04-29
153,Dean Lewis,How Do I Say Goodbye,track,The Hardest Love,10,2022-11-04
154,Macabre Plaza,A Bird's Last Look,track,Out With the Old in With the Taboo,5,2022-04-21
155,Pharrell Williams,Cash In Cash Out,track,Cash In Cash Out,1,2022-06-10
156,SZA,Seek & Destroy,track,SOS,23,2022-12-09
157,Ray LaMontagne,I Was Born To Love You,track,I Was Born To Love You,1,2022-08-04
158,Harry Styles,Daylight,track,Harry's House,13,2022-05-20
159,James Hype,Ferrari,track,Ferrari,1,2022-04-01
160,Tiësto,10:35,track,10:35,1,2022-11-03
161,Tate McRae,feel like shit,track,i used to think i could fly,13,2022-05-27
162,JID,Dance Now (feat. Kenny Mason),track,The Forever Story (Extended Version),16,2022-10-31
163,David Kushner,Burn,track,Footprints I Found,7,2022-09-16
164,Nicki Minaj,Super Freaky Girl,track,Queen Radio: Volume 1,28,2022-08-26
165,PinkPantheress,Boy's a Liar,track,Boy's a liar,2,2022-11-30
166,Dove Cameron,Boyfriend,track,Boyfriend,1,2022-02-11
167,Benson Boone,ROOM FOR 2,track,ROOM FOR 2,1,2022-02-18
168,Noah Kahan,Strawberry Wine,track,Stick Season,14,2022-10-14
169,Orion Sun,dirty dancer,track,dirty dancer,1,2022-02-08
170,NewJeans,Hurt,track,NewJeans 1st EP 'New Jeans',4,2022-08-01
171,charlieonnafriday,After Hours,track,ONNAFRIDAY,8,2022-04-29
172,Rex Orange County,THE SHADE,track,WHO CARES?,11,2022-03-11
173,Harry Styles,Music For a Sushi Restaurant,track,Harry's House,13,2022-05-20
174,Chri$tian Gate$,Dangerous State of Mind,track,Dangerous State of Mind,1,2022-07-08
175,beabadoobee,Sunny day,track,Beatopia,14,2022-07-15
176,Stray Kids,MANIAC,track,ODDINARY,7,2022-03-18
177,Kyle Hume,Fine,track,Fine,1,2022-09-16
178,Russ,HANDSOMER (Remix) (Feat. Ktlyn),track,HANDSOMER (Remix) (Feat. Ktlyn),1,2022-03-09
179,Cigarettes After Sex,Pistol,track,Pistol,1,2022-11-15
180,Drake,Jumbotron Shit Poppin,track,Her Loss,16,2022-11-04
181,SZA,2AM,track,Ctrl (Deluxe),21,2022-06-09
182,David Kushner,Miserable Man,track,Footprints I Found,7,2022-09-16
183,Memphis May Fire,Misery,track,Remade In Misery,11,2022-06-03
184,Sabrina Carpenter,Tornado Warnings,track,emails i can't send,13,2022-07-15
185,Nicki Minaj,Super Freaky Girl,track,Super Freaky Girl,1,2022-08-12
186,David Guetta,Crazy What Love Can Do,track,Crazy What Love Can Do,1,2022-04-08
187,Drake,Major Distribution,track,Her Loss,16,2022-11-04
188,JVKE,this is what heartbreak feels like,track,this is what ____ feels like (Vol. 1-4),12,2022-09-23
189,Ryan Mack,Wish You the Worst,track,Wish You the Worst,1,2022-05-18
190,Felix Jaehn,Call It Love,track,Call It Love,1,2022-09-16
191,SZA,Far,track,SOS,23,2022-12-09
192,We Came As Romans,Black Hole,track,Darkbloom,10,2022-10-14
193,Dean Lewis,How Do I Say Goodbye,track,How Do I Say Goodbye,1,2022-08-31
194,SZA,F2F,track,SOS,23,2022-12-09
195,NewJeans,Cookie,track,NewJeans 1st EP 'New Jeans',4,2022-08-01
196,Nate Smith,Whiskey On You,track,Whiskey On You,1,2022-05-06
197,Emei,Better People To Leave On Read,track,Better People To Leave On Read,1,2022-01-26
198,Lil Wayne,Twist Made Me,track,Sorry 4 The Wait,16,2022-01-14
199,Nessa Barrett,die first,track,young forever,13,2022-10-14
200,Noah Kahan,Stick Season,track,Stick Season,1,2022-07-08
201,Drake,Broke Boys,track,Her Loss,16,2022-11-04
202,Charlie Puth,Left and Right (Feat. Jung Kook of BTS),track,CHARLIE,12,2022-10-06
203,LECADE,Painkillers,track,Painkillers,1,2022-12-02
204,Sean Paul,I'm Still in Love with You (feat. Sasha),track,Dutty Rock (20th Anniversary),21,2022-11-11
205,Leith Ross,We'll Never Have Sex,track,We'll Never Have Sex,1,2022-03-25
206,Omar Apollo,Invincible (feat. Daniel Caesar),track,Ivory,16,2022-04-08
207,Post Malone,One Right Now (with The Weeknd),track,Twelve Carat Toothache,14,2022-06-03
208,Imagine Dragons,Sharks,track,Mercury - Acts 1 & 2,32,2022-07-01
209,Taylor Swift,"Would've, Could've, Should've",track,Midnights (3am Edition),20,2022-10-22
210,Lizzo,About Damn Time,track,Special,12,2022-07-15
211,Harry Styles,Love Of My Life,track,Harry's House,13,2022-05-20
212,LE SSERAFIM,Sour Grapes,track,FEARLESS,5,2022-05-02
213,Shaboozey,All Men Die (Freestyle),track,"Cowboys Live Forever, Outlaws Never Die",14,2022-10-07
214,Marshmello,Bye Bye,track,Bye Bye,1,2022-10-14
215,BTS,Run BTS,track,Proof,35,2022-06-10
216,d4vd,Take Me To The Sun,track,Take Me To The Sun,1,2022-05-09
217,Lainey Wilson,Atta Girl,track,Bell Bottom Country,16,2022-11-28
218,Noah Kahan,Come Over,track,Stick Season,14,2022-10-14
219,Tate McRae,chaotic,track,i used to think i could fly,13,2022-05-27
220,SZA,Used (feat. Don Toliver),track,SOS,23,2022-12-09
221,Vwillz,Falling Slowly,track,Falling Slowly,1,2022-02-25
222,SZA,Gone Girl,track,SOS,23,2022-12-09
223,Taylor Swift,The Great War,track,Midnights (3am Edition),20,2022-10-22
224,Chandler Leighton,When You Say My Name,track,When You Say My Name,1,2022-03-10
225,Lizzy McAlpine,hate to be lame,track,five seconds flat,14,2022-04-08
226,MUNA,Silk Chiffon,track,MUNA,11,2022-06-24
227,Nathan Dawe,21 Reasons (feat. Ella Henderson),track,21 Reasons (feat. Ella Henderson),1,2022-04-29
228,Matt Schuster,Vienna,track,Vienna,1,2022-04-04
229,BTS,Butter,track,Proof,35,2022-06-10
230,BLACKPINK,Pink Venom,track,BORN PINK,8,2022-09-15
231,Post Malone,Wrapped Around Your Finger,track,Twelve Carat Toothache,14,2022-06-03
232,The Weeknd,Sacrifice,track,Dawn FM,16,2022-01-06
233,Koe Wetzel,Cabo,track,Hell Paso,13,2022-09-16
234,Lil Wayne,Sorry 4 The Wait,track,Sorry 4 The Wait,16,2022-01-14
235,ROSALÍA,LA FAMA,track,MOTOMAMI,16,2022-03-18
236,Tyler Hubbard,Dancin’ In The Country,track,Dancin' In The Country,6,2022-08-19
237,Mau y Ricky,Llorar y Llorar - con Carin Leon,track,Llorar y Llorar (con Carin Leon),1,2022-05-31
238,Lainey Wilson,Weak-End,track,Bell Bottom Country,16,2022-11-28
239,Vance Joy,Missing Piece,track,In Our Own Sweet Time,12,2022-06-10
240,Sub Urban,INFERNO,track,HIVE,10,2022-06-03
241,The Weeknd,Take My Breath,track,Dawn FM,16,2022-01-06
242,NAYEON,POP!,track,IM NAYEON,7,2022-06-24
243,beabadoobee,You’re here that’s the thing,track,Beatopia,14,2022-07-15
244,Charlie Puth,Light Switch,track,CHARLIE,12,2022-10-06
245,Jack Harlow,Churchill Downs (feat. Drake),track,Come Home The Kids Miss You,15,2022-05-06
246,Danny Ocean,Fuera del mercado,track,@dannocean,16,2022-02-17
247,Lainey Wilson,Wildflowers and Wild Horses,track,Bell Bottom Country,16,2022-11-28
248,SZA,Used (feat. Don Toliver),track,SOS,23,2022-12-08
249,Koe Wetzel,Creeps,track,Hell Paso,13,2022-09-16
250,Genevieve Stokes,Habits,track,Habits - Demo,2,2022-09-16
251,Rauw Alejandro,MUSEO,track,TRAP CAKE VOL. 2,9,2022-02-25
252,Harry Styles,Grapejuice,track,Harry's House,13,2022-05-20
253,RAYE,Escapism. - Sped Up,track,Escapism.,4,2022-12-07
254,RAYE,Escapism.,track,Escapism.,4,2022-12-07
255,Sebastian Yatra,Pareja Del Año,track,Dharma,17,2022-01-28
256,Shaboozey,Beverly Hills,track,"Cowboys Live Forever, Outlaws Never Die",14,2022-10-07
257,IVE,After LIKE,track,After LIKE,2,2022-08-22
258,Feid,Prohibidox,track,FELIZ CUMPLEAÑOS FERXXO TE PIRATEAMOS EL ÁLBUM,15,2022-09-14
259,Sabrina Carpenter,decode,track,emails i can't send,13,2022-07-15
260,Beyoncé,BREAK MY SOUL,track,RENAISSANCE,16,2022-07-29
261,Drake,More M’s,track,Her Loss,16,2022-11-04
262,Beyoncé,ALIEN SUPERSTAR,track,RENAISSANCE,16,2022-07-29
263,Taylor Swift,Snow On The Beach (feat. Lana Del Rey),track,Midnights,13,2022-10-21
264,Gucci Mane,Rumors (feat. Lil Durk),track,So Icy Gang: The ReUp,32,2022-06-17
265,SZA,SOS,track,SOS,23,2022-12-09
266,mgk,ay! (feat. Lil Wayne),track,mainstream sellout,16,2022-03-25
267,BLACKPINK,Typa Girl,track,BORN PINK,8,2022-09-16
268,Jeremih,All The Time (feat. Lil Wayne & Natasha Mosley),track,Late Nights With Jeremih,16,2022-03-11
269,Shawn Mendes,When You're Gone,track,When You're Gone,1,2022-03-31
270,The Weeknd,Gasoline,track,Dawn FM,16,2022-01-06
271,Beyoncé,ENERGY (feat. Beam),track,RENAISSANCE,16,2022-07-29
272,BLACKPINK,Shut Down,track,BORN PINK,8,2022-09-15
273,Becky G,MAMIII,track,MAMIII,1,2022-02-10
274,Ethel Cain,Sun Bleached Flies,track,Preacher’s Daughter,13,2022-05-12
275,charlieonnafriday,Enough,track,Enough,2,2022-08-05
276,Stray Kids,CASE 143,track,MAXIDENT,8,2022-10-07
277,Nessa Barrett,dying on the inside,track,dying on the inside,1,2022-02-25
278,Alex Warren,Chasing Shadows,track,Chasing Shadows,2,2022-12-02
279,SZA,Shirt,track,Shirt,1,2022-10-28
280,The 1975,I'm In Love With You,track,Being Funny In A Foreign Language,11,2022-10-14
281,ENHYPEN,Polaroid Love,track,DIMENSION : ANSWER,11,2022-01-10
282,Paris Paloma,It's Called: Freefall,track,It's Called: Freefall,1,2022-07-22
283,IVE,LOVE DIVE,track,LOVE DIVE,2,2022-04-05
284,Corey Kent,Wild as Her,track,Wild as Her,1,2022-03-04
285,SZA,Conceited,track,SOS,23,2022-12-09
286,SZA,Notice Me,track,SOS,23,2022-12-09
287,SZA,Smoking on my Ex Pack,track,SOS,23,2022-12-09
288,Kid Cudi,love.,track,The Boy Who Flew To The Moon (Vol. 1),18,2022-07-08
289,Dylan Conrique,birthday cake,track,birthday cake,1,2022-02-02
290,Beyoncé,AMERICA HAS A PROBLEM,track,RENAISSANCE,16,2022-07-29
291,Megan Moroney,Hair Salon,track,Pistol Made of Roses,6,2022-07-15
292,VOILÀ,Drinking with Cupid,track,Happy Never After,21,2022-10-07
293,girl in red,October Passed Me By,track,October Passed Me By,1,2022-10-14
294,Lil Durk,What Happened To Virgil (feat. Gunna),track,7220,17,2022-03-11
295,Harry Styles,Daydreaming,track,Harry's House,13,2022-05-20
296,Drake,Massive,track,"Honestly, Nevermind",14,2022-06-17
297,Ryan Mack,Forever and Ever and Always,track,Forever and Ever and Always,1,2022-12-02
298,Harry Styles,Cinema,track,Harry's House,13,2022-05-20
299,Imagine Dragons,Follow You,track,Mercury - Acts 1 & 2,32,2022-07-01
300,Alicia Keys,Trillions (feat. Brent Faiyaz),track,KEYS II,30,2022-08-12
301,Drake,I Guess It’s Fuck Me,track,Her Loss,16,2022-11-04
302,Ryan Mack,Only Human,track,Only Human,1,2022-02-15
303,Romeo Santos,Solo Conmigo,track,"Fórmula, Vol. 3",21,2022-09-01
304,Zach Top,In a World Gone Wrong,track,Zach Top,8,2022-05-13
305,Tory Lanez,Sorry 4 What? // LV BELT,track,Sorry 4 What,20,2022-09-30
306,Megan Thee Stallion,Sweetest Pie,track,Sweetest Pie,1,2022-03-11
307,Camila Cabello,Bam Bam (feat. Ed Sheeran),track,Familia,12,2022-04-07
308,Drake,BackOutsideBoyz,track,Her Loss,16,2022-11-04
309,George Ezra,Green Green Grass,track,Gold Rush Kid,12,2022-06-10
310,Sabrina Carpenter,bet u wanna,track,emails i can't send,13,2022-07-15
311,JID,Raydar,track,The Forever Story (Extended Version),16,2022-10-31
312,Stephen Dawes,Teenage Dream,track,Teenage Dream,2,2022-06-02
313,DaBaby,Bestie,track,BETTER THAN YOU,12,2022-03-04
314,Gucci Mane,Rumors (feat. Lil Durk),track,Rumors (feat. Lil Durk),1,2022-01-25
315,Taylor Swift,Question...?,track,Midnights,13,2022-10-21
316,Bailey Zimmerman,Never Leave,track,Leave The Light On,9,2022-10-14
317,Megan Thee Stallion,Sweetest Pie,track,Traumazine,18,2022-08-12
318,A Day To Remember,Miracle,track,Miracle,1,2022-07-21
319,Taylor Swift,Paris,track,Midnights (3am Edition),20,2022-10-22
320,Hueston,Joy Ride,track,Joy Ride,1,2022-11-07
321,Emei,That Girl,track,That Girl,1,2022-07-13
322,Beyoncé,HEATED,track,RENAISSANCE,16,2022-07-29
323,Matisse,Como Lo Hice Yo,track,Así de Enamorados,8,2022-05-27
324,(G)I-DLE,TOMBOY,track,I NEVER DIE,8,2022-03-14
325,Jay Webb,Yee-Haw,track,Yee-Haw,1,2022-05-06
326,Jax Jones,Where Did You Go? (feat. MNEK),track,Where Did You Go (feat. MNEK),1,2022-02-04
327,Jackson Dean,Don't Come Lookin',track,Greenbroke,10,2022-03-11
328,Diddy,I'll Be Missing You,track,BAD BOY CELEBRATES DIDDY: The Artist,16,2022-06-24
329,(G)I-DLE,Nxde,track,I love,6,2022-10-17
330,Charli xcx,Good Ones,track,CRASH,12,2022-03-18
331,Ethel Cain,A House In Nebraska,track,Preacher’s Daughter,13,2022-05-12
332,beabadoobee,Talk,track,Beatopia,14,2022-07-15
333,Wild Rivers,Neon Stars,track,Sidelines,10,2022-02-04
334,Lauren Spencer Smith,Flowers,track,Flowers,1,2022-04-14
335,Meghan Trainor,Bad For Me (feat. Teddy Swims),track,Takin' It Back,16,2022-10-21
336,Lojay,Monalisa,track,Monalisa,1,2022-05-19
337,Taylor Swift,This Love (Taylor’s Version),track,This Love (Taylor’s Version),2,2022-05-06
338,Taylor Swift,"Would've, Could've, Should've",track,Midnights (3am Edition),20,2022-10-21
339,Josh Ross,On A Different Night,track,On A Different Night,1,2022-07-15
340,Swedish House Mafia,Moth To A Flame (with The Weeknd),track,Moth To A Flame,2,2022-01-03
341,Camila Cabello,Bam Bam (feat. Ed Sheeran),track,Bam Bam (feat. Ed Sheeran),1,2022-03-04
342,Sebastian Yatra,Tacones Rojos,track,Dharma,17,2022-01-28
343,Warren Zeiders,Dark Night - 717 Tapes,track,717 Tapes the Album,15,2022-09-30
344,Jax,Victoria's Secret,track,Victoria’s Secret,2,2022-06-30
345,Rex Orange County,AMAZING,track,WHO CARES?,11,2022-03-11
346,Charlie Puth,Left and Right (Feat. Jung Kook of BTS),track,Left and Right (Feat. Jung Kook of BTS),1,2022-06-24
347,Lizzy McAlpine,reckless driving,track,five seconds flat,14,2022-04-08
348,AURORA,Cure For Me,track,The Gods We Can Touch,15,2022-01-21
349,Riley Green,I Hope She's Drinkin' Tonight,track,I Hope She’s Drinkin' Tonight / Get Back Home,2,2022-07-22
350,JID,Kody Blu 31,track,The Forever Story (Extended Version),16,2022-10-31
351,Charli xcx,Hot Girl (Bodies Bodies Bodies),track,Hot Girl (Bodies Bodies Bodies),1,2022-07-27
352,Beyoncé,I'M THAT GIRL,track,RENAISSANCE,16,2022-07-29
353,Parker McCollum,Handle On You,track,Handle On You,1,2022-08-05
354,Taylor Swift,Mastermind,track,Midnights (3am Edition),20,2022-10-22
355,mazie,dumb dumb - sped up,track,the rainbow cassette (bonus),9,2022-09-28
356,SEVENTEEN,HOT,track,SEVENTEEN 4th Album 'Face the Sun',9,2022-05-27
357,Kim Petras,XXX,track,Slut Pop,7,2022-02-11
358,Dove Cameron,Breakfast,track,Breakfast,1,2022-06-24
359,Kameron Marlowe,Girl On Fire,track,We Were Cowboys,16,2022-08-26
360,Tyga,Sunshine,track,Sunshine,1,2022-08-12
361,mgk,roll the windows up,track,lockdown sessions,3,2022-03-02
362,JID,Stars (feat. Yasiin Bey),track,The Forever Story (Extended Version),16,2022-10-31
363,Conan Gray,Disaster,track,Superache,12,2022-06-24
364,Jamie Miller,It Is What It Is,track,Broken Memories,6,2022-04-29
365,Kate Bollinger,Yards / Gardens,track,Look at it in the Light,6,2022-04-22
366,Drake,Flight's Booked,track,"Honestly, Nevermind",14,2022-06-17
367,Stellar,Stranger,track,Stranger,1,2022-09-02
368,Dreamville,Stick (with JID & J. Cole feat. Kenny Mason & Sheck Wes),track,D-Day: A Gangsta Grillz Mixtape,15,2022-03-31
369,Hailee Steinfeld,Coast (feat. Anderson .Paak),track,Coast,1,2022-07-29
370,Imagine Dragons,Sharks,track,Sharks,1,2022-06-24
371,Taylor Swift,High Infidelity,track,Midnights (3am Edition),20,2022-10-22
372,Orion Sun,intro,track,Getaway,6,2022-03-11
373,Chase McDaniel,Project,track,Project,1,2022-05-27
374,Kameron Marlowe,Giving You Up,track,We Were Cowboys,16,2022-08-26
375,PinkPantheress,Picture in My Mind,track,Picture in my mind,1,2022-08-10
376,Lizzo,2 Be Loved (Am I Ready),track,Special,12,2022-07-14
377,Burna Boy,Last Last,track,"Love, Damini",19,2022-07-06
378,TWICE,Talk that Talk,track,BETWEEN 1&2,7,2022-08-26
379,Tate McRae,don't come back,track,i used to think i could fly,13,2022-05-27
380,Taylor Swift,Karma,track,Midnights (3am Edition),20,2022-10-22
381,Sean Stemaly,Z71,track,Product Of A Small Town,14,2022-02-18
382,Rema,Calm Down,track,Calm Down,2,2022-02-10
383,mgk,pretty toxic revolver,track,lockdown sessions,3,2022-03-02
384,beabadoobee,Lovesong,track,Beatopia,14,2022-07-15
385,Florence + The Machine,Free,track,Dance Fever,14,2022-05-13
386,The 1975,Oh Caroline,track,Being Funny In A Foreign Language,11,2022-10-14
387,Drake,Middle of the Ocean,track,Her Loss,16,2022-11-04
388,Shakira,Te Felicito,track,Te Felicito,1,2022-04-21
389,mgk,make up sex (feat. blackbear),track,mainstream sellout,16,2022-03-25
390,ATEEZ,HALAZIA,track,SPIN OFF : FROM THE WITNESS,5,2022-12-30
391,Beyoncé,VIRGO'S GROOVE,track,RENAISSANCE,16,2022-07-29
392,Ado,Usseewa,track,Kyougen,14,2022-01-26
393,The Red Clay Strays,Moment of Truth,track,Moment of Truth,12,2022-04-29
394,salem ilese,Mad at Disney,track,(MORE) Unsponsored Content,15,2022-10-07
395,Beyoncé,COZY,track,RENAISSANCE,16,2022-07-29
396,Joji,Feeling Like The End,track,SMITHEREENS,9,2022-11-04
397,Ian Munsick,Cowboy Killer,track,Cowboy Killer,1,2022-02-25
398,Taylor Swift,Dear Reader,track,Midnights (3am Edition),20,2022-10-22
399,Vince Guaraldi,The Great Pumpkin Waltz,track,"It's The Great Pumpkin, Charlie Brown (Original Soundtrack Recording)",24,2022-08-26
400,Shakira,Monotonía,track,Monotonía,1,2022-10-19
401,Conner Smith,Take It Slow,track,Didn't Go Too Far (Behind The Songs),12,2022-01-14
402,SZA,Love Galore (Alt Version),track,Ctrl (Deluxe),21,2022-06-09
403,Diplo,Wish,track,Wish (Sped Up),3,2022-02-04
404,Benson Boone,Let Me Go,track,Walk Me Home...,8,2022-07-29
405,Charli xcx,Yuck,track,CRASH,12,2022-03-18
406,Bryan Martin,Beauty in the Struggle,track,Self Inflicted Scars,12,2022-04-29
407,Megan Thee Stallion,Plan B,track,Plan B,1,2022-04-22
408,Post Malone,Cooped Up (with Roddy Ricch),track,Twelve Carat Toothache,14,2022-06-03
409,Piso 21,Los Cachos,track,777,16,2022-10-13
410,SZA,Forgiveless (feat. Ol' Dirty Bastard),track,SOS,23,2022-12-09
411,Ethel Cain,Ptolemaea,track,Preacher’s Daughter,13,2022-05-12
412,JVKE,this is what heartbreak feels like,track,this is what heartbreak feels like (432Hz),3,2022-10-04
413,Sam Barber,As Time Passes,track,As Time Passes,1,2022-12-15
414,Imagine Dragons,Wrecked,track,Mercury - Acts 1 & 2,32,2022-07-01
415,Zach Top,I Don't Mind,track,Zach Top,8,2022-05-13
416,Tate McRae,what would you do?,track,i used to think i could fly,13,2022-05-27
417,Lainey Wilson,Smell Like Smoke,track,Bell Bottom Country,16,2022-11-28
418,Taylor Swift,Maroon,track,Midnights (3am Edition),20,2022-10-22
419,David Guetta,Satisfaction,track,Satisfaction,1,2022-08-12
420,MOTO BANDIT,DAYLIGHT DOOM,track,DAYLIGHT DOOM,1,2022-02-15
421,Nelly,Grillz,track,Still Hot In Herre,17,2022-10-14
422,Tokyo Tea Room,If You Love Her,track,If You Love Her,1,2022-11-09
423,Stray Kids,Charmer,track,ODDINARY,7,2022-03-18
424,SZA,Too Late,track,SOS,23,2022-12-09
425,Tate McRae,what's your problem?,track,i used to think i could fly,13,2022-05-27
426,Drake,Treacherous Twins,track,Her Loss,16,2022-11-04
427,Joji,YUKON (INTERLUDE),track,SMITHEREENS,9,2022-11-04
428,ROSALÍA,DESPECHÁ,track,DESPECHÁ,1,2022-07-28
429,Jackson Dean,Fearless,track,Greenbroke,10,2022-03-11
430,TOMORROW X TOGETHER,Good Boy Gone Bad,track,minisode 2: Thursday's Child,5,2022-05-09
431,ATEEZ,Guerrilla,track,THE WORLD EP.1 : MOVEMENT,7,2022-07-29
432,Sabrina Carpenter,Bad for Business,track,emails i can't send,13,2022-07-15
433,Taylor Swift,Glitch,track,Midnights (3am Edition),20,2022-10-22
434,Loud Luxury,These Nights,track,These Nights,1,2022-07-08
435,Ha*Ash,Supongo Que Lo Sabes,track,Haashtag,11,2022-09-02
436,Burna Boy,Last Last,track,"Love, Damini",19,2022-07-07
437,Omar Apollo,Endlessly,track,Ivory (Marfil),21,2022-08-12
438,Kid Cudi,The Prayer,track,A Kid Named Cudi,16,2022-07-15
439,Beyoncé,PURE/HONEY,track,RENAISSANCE,16,2022-07-29
440,Stand Atlantic,"deathwish (feat. nothing,nowhere.)",track,f.e.a.r.,14,2022-05-06
441,PinkPantheress,Take Me Home,track,Take me home,3,2022-12-16
442,VOILÀ,Therapy,track,Happy Never After,21,2022-10-07
443,Shwayze,Too Late (with Jared Watson of Dirty Heads),track,Shway SZN,12,2022-09-02
444,Stellar,Masquerade,track,Masquerade,1,2022-01-28
445,The Weeknd,How Do I Make You Love Me?,track,Dawn FM,16,2022-01-06
446,Noah Kahan,Halloween,track,Stick Season,14,2022-10-14
447,NMIXX,DICE,track,ENTWURF,4,2022-09-19
448,Bailey Zimmerman,House On Fire,track,Leave The Light On,9,2022-10-14
449,DaBaby,Neighborhood Superstar,track,BETTER THAN YOU,12,2022-03-04
450,Taylor Swift,"You're On Your Own, Kid",track,Midnights (3am Edition),20,2022-10-22
451,The Lumineers,WHERE WE ARE,track,BRIGHTSIDE,9,2022-01-14
452,Ski Mask The Slump God,OOGA BOOGA!,track,OOGA BOOGA!,1,2022-10-25
453,MEDUZA,Bad Memories (feat. Elley Duhé & FAST BOY),track,Bad Memories (feat. Elley Duhé & FAST BOY),1,2022-07-22
454,Lady Gaga,Hold My Hand,track,"Hold My Hand (Music From The Motion Picture ""Top Gun: Maverick"")",1,2022-05-03
455,Big Thief,Change,track,Dragon New Warm Mountain I Believe In You,20,2022-02-11
456,d4vd,Dirty Secrets,track,Dirty Secrets,1,2022-04-27
457,ENHYPEN,Future Perfect (Pass the MIC),track,MANIFESTO : DAY 1,6,2022-07-04
458,Huey Mack,Carry Me Home (feat. Charles Wesley Godwin),track,The Cozy Bar,14,2022-10-21
459,Fireboy DML,Peru,track,Playboy,14,2022-08-04
460,Post Malone,Waiting For Never,track,Twelve Carat Toothache (Deluxe),16,2022-06-07
461,Drake,A Keeper,track,"Honestly, Nevermind",14,2022-06-17
462,Izzamuzzic,Shootout,track,Shootout,1,2022-06-30
463,Yuridia,¿Y Qué Tal Si Funciona?,track,Pa' Luego Es Tarde,14,2022-10-20
464,Connor Price,Chatter,track,Chatter,1,2022-12-02
465,Fujii Kaze,Matsuri,track,LOVE ALL SERVE ALL,11,2022-03-23
466,Tyga,Freaky Deaky,track,Freaky Deaky,1,2022-02-25
467,beabadoobee,10:36,track,Beatopia,14,2022-07-15
468,Josh Ross,First Taste of Gone,track,First Taste of Gone,1,2022-02-11
469,BLACKPINK,Shut Down,track,BORN PINK,8,2022-09-16
470,Rauw Alejandro,LOKERA,track,LOKERA,1,2022-07-25
471,Conan Gray,Yours,track,Superache,12,2022-06-24
472,Fireboy DML,Bandana,track,Playboy,14,2022-08-04
473,Oxlade,KU LO SA - A COLORS SHOW,track,KU LO SA - A COLORS SHOW,1,2022-06-10
474,Taylor Swift,Bejeweled,track,Midnights (3am Edition),20,2022-10-22
475,Río Roma,Tú Me Gustas,track,Tú Me Gustas,1,2022-03-04
476,Ashley Cooke,never til now,track,Already Drank That Beer,9,2022-04-01
477,Memphis May Fire,Make Believe,track,Make Believe,7,2022-02-18
478,Muscadine Bloodline,Dyin' For a Livin',track,Dispatch to 16th Ave.,9,2022-02-04
479,The Maine,Loved You A Little (with Taking Back Sunday and Charlotte Sands),track,Loved You A Little (with Taking Back Sunday and Charlotte Sands),1,2022-01-20
480,Tom Odell,Best Day Of My Life,track,Best Day of My Life,12,2022-10-28
481,Kidd G,People Talk,track,People Talk,1,2022-04-15
482,Cordae,Super,track,From a Birds Eye View,14,2022-01-14
483,Post Malone,Wasting Angels (with The Kid LAROI),track,Twelve Carat Toothache,14,2022-06-03
484,Stray Kids,"TASTE (Lee Know, Hyunjin, Felix)",track,MAXIDENT,8,2022-10-07
485,Beyoncé,MOVE (feat. Grace Jones & Tems),track,RENAISSANCE,16,2022-07-29
486,GRAHAM,Mad It's My Fault,track,Mad It's My Fault,1,2022-07-08
487,Chase Matthew,Can't Hide Love,track,Born for This,12,2022-02-11
488,Benson Boone,Work of Art,track,Walk Me Home...,8,2022-07-29
489,Dylan Schneider,Ain't Missin' You,track,Ain't Missin' You,1,2022-09-16
490,LE SSERAFIM,ANTIFRAGILE,track,ANTIFRAGILE,5,2022-10-17
491,Porter Robinson,Everything Goes On,track,Everything Goes On,1,2022-07-14
492,LE SSERAFIM,Good Parts (when the quality is bad but I am),track,ANTIFRAGILE,5,2022-10-17
493,Cults,Gilded Lily - Sped Up,track,Offering,13,2022-10-26
494,Punctual,Do It All Again,track,Do It All Again,1,2022-02-11
495,Jung Kook,My You,track,My You,1,2022-06-13
496,BLACKPINK,Pink Venom,track,Pink Venom,1,2022-08-19
497,Bette Midler,One Way or Another (Hocus Pocus 2 Version),track,Hocus Pocus 2 (Original Soundtrack),28,2022-09-30
498,Chase Matthew,Love You Again,track,Love You Again,1,2022-12-09
499,Lil Durk,Mad Max,track,Lil Durk Presents: Loyal Bros 2,23,2022-12-16
0,Taylor Swift,"You're On Your Own, Kid",track,Midnights (3am Edition),20,2022-10-22
1,The Lumineers,WHERE WE ARE,track,BRIGHTSIDE,9,2022-01-14
2,Ski Mask The Slump God,OOGA BOOGA!,track,OOGA BOOGA!,1,2022-10-25
3,MEDUZA,Bad Memories (feat. Elley Duhé & FAST BOY),track,Bad Memories (feat. Elley Duhé & FAST BOY),1,2022-07-22
4,Lady Gaga,Hold My Hand,track,"Hold My Hand (Music From The Motion Picture ""Top Gun: Maverick"")",1,2022-05-03
5,Big Thief,Change,track,Dragon New Warm Mountain I Believe In You,20,2022-02-11
6,d4vd,Dirty Secrets,track,Dirty Secrets,1,2022-04-27
7,ENHYPEN,Future Perfect (Pass the MIC),track,MANIFESTO : DAY 1,6,2022-07-04
8,Huey Mack,Carry Me Home (feat. Charles Wesley Godwin),track,The Cozy Bar,14,2022-10-21
9,Fireboy DML,Peru,track,Playboy,14,2022-08-04
10,Post Malone,Waiting For Never,track,Twelve Carat Toothache (Deluxe),16,2022-06-07
11,Drake,A Keeper,track,"Honestly, Nevermind",14,2022-06-17
12,Izzamuzzic,Shootout,track,Shootout,1,2022-06-30
13,Yuridia,¿Y Qué Tal Si Funciona?,track,Pa' Luego Es Tarde,14,2022-10-20
14,Connor Price,Chatter,track,Chatter,1,2022-12-02
15,Fujii Kaze,Matsuri,track,LOVE ALL SERVE ALL,11,2022-03-23
16,Tyga,Freaky Deaky,track,Freaky Deaky,1,2022-02-25
17,beabadoobee,10:36,track,Beatopia,14,2022-07-15
18,Josh Ross,First Taste of Gone,track,First Taste of Gone,1,2022-02-11
19,BLACKPINK,Shut Down,track,BORN PINK,8,2022-09-16
20,Rauw Alejandro,LOKERA,track,LOKERA,1,2022-07-25
21,Conan Gray,Yours,track,Superache,12,2022-06-24
22,Fireboy DML,Bandana,track,Playboy,14,2022-08-04
23,Oxlade,KU LO SA - A COLORS SHOW,track,KU LO SA - A COLORS SHOW,1,2022-06-10
24,Taylor Swift,Bejeweled,track,Midnights (3am Edition),20,2022-10-22
25,Río Roma,Tú Me Gustas,track,Tú Me Gustas,1,2022-03-04
26,Ashley Cooke,never til now,track,Already Drank That Beer,9,2022-04-01
27,Memphis May Fire,Make Believe,track,Make Believe,7,2022-02-18
28,Muscadine Bloodline,Dyin' For a Livin',track,Dispatch to 16th Ave.,9,2022-02-04
29,The Maine,Loved You A Little (with Taking Back Sunday and Charlotte Sands),track,Loved You A Little (with Taking Back Sunday and Charlotte Sands),1,2022-01-20
30,Tom Odell,Best Day Of My Life,track,Best Day of My Life,12,2022-10-28
31,Kidd G,People Talk,track,People Talk,1,2022-04-15
32,Cordae,Super,track,From a Birds Eye View,14,2022-01-14
33,Post Malone,Wasting Angels (with The Kid LAROI),track,Twelve Carat Toothache,14,2022-06-03
34,Stray Kids,"TASTE (Lee Know, Hyunjin, Felix)",track,MAXIDENT,8,2022-10-07
35,Beyoncé,MOVE (feat. Grace Jones & Tems),track,RENAISSANCE,16,2022-07-29
36,GRAHAM,Mad It's My Fault,track,Mad It's My Fault,1,2022-07-08
37,Chase Matthew,Can't Hide Love,track,Born for This,12,2022-02-11
38,Benson Boone,Work of Art,track,Walk Me Home...,8,2022-07-29
39,Dylan Schneider,Ain't Missin' You,track,Ain't Missin' You,1,2022-09-16
40,LE SSERAFIM,ANTIFRAGILE,track,ANTIFRAGILE,5,2022-10-17
41,Porter Robinson,Everything Goes On,track,Everything Goes On,1,2022-07-14
42,LE SSERAFIM,Good Parts (when the quality is bad but I am),track,ANTIFRAGILE,5,2022-10-17
43,Cults,Gilded Lily - Sped Up,track,Offering,13,2022-10-26
44,Punctual,Do It All Again,track,Do It All Again,1,2022-02-11
45,Jung Kook,My You,track,My You,1,2022-06-13
46,BLACKPINK,Pink Venom,track,Pink Venom,1,2022-08-19
47,Bette Midler,One Way or Another (Hocus Pocus 2 Version),track,Hocus Pocus 2 (Original Soundtrack),28,2022-09-30
48,Chase Matthew,Love You Again,track,Love You Again,1,2022-12-09
49,Lil Durk,Mad Max,track,Lil Durk Presents: Loyal Bros 2,23,2022-12-16
50,Taylor Swift,"You're On Your Own, Kid",track,Midnights (3am Edition),20,2022-10-22
51,The Lumineers,WHERE WE ARE,track,BRIGHTSIDE,9,2022-01-14
52,Ski Mask The Slump God,OOGA BOOGA!,track,OOGA BOOGA!,1,2022-10-25
53,MEDUZA,Bad Memories (feat. Elley Duhé & FAST BOY),track,Bad Memories (feat. Elley Duhé & FAST BOY),1,2022-07-22
54,Lady Gaga,Hold My Hand,track,"Hold My Hand (Music From The Motion Picture ""Top Gun: Maverick"")",1,2022-05-03
55,Big Thief,Change,track,Dragon New Warm Mountain I Believe In You,20,2022-02-11
56,d4vd,Dirty Secrets,track,Dirty Secrets,1,2022-04-27
57,ENHYPEN,Future Perfect (Pass the MIC),track,MANIFESTO : DAY 1,6,2022-07-04
58,Huey Mack,Carry Me Home (feat. Charles Wesley Godwin),track,The Cozy Bar,14,2022-10-21
59,Fireboy DML,Peru,track,Playboy,14,2022-08-04
60,Post Malone,Waiting For Never,track,Twelve Carat Toothache (Deluxe),16,2022-06-07
61,Drake,A Keeper,track,"Honestly, Nevermind",14,2022-06-17
62,Izzamuzzic,Shootout,track,Shootout,1,2022-06-30
63,Yuridia,¿Y Qué Tal Si Funciona?,track,Pa' Luego Es Tarde,14,2022-10-20
64,Connor Price,Chatter,track,Chatter,1,2022-12-02
65,Fujii Kaze,Matsuri,track,LOVE ALL SERVE ALL,11,2022-03-23
66,Tyga,Freaky Deaky,track,Freaky Deaky,1,2022-02-25
67,beabadoobee,10:36,track,Beatopia,14,2022-07-15
68,Josh Ross,First Taste of Gone,track,First Taste of Gone,1,2022-02-11
69,BLACKPINK,Shut Down,track,BORN PINK,8,2022-09-16
70,Rauw Alejandro,LOKERA,track,LOKERA,1,2022-07-25
71,Conan Gray,Yours,track,Superache,12,2022-06-24
72,Fireboy DML,Bandana,track,Playboy,14,2022-08-04
73,Oxlade,KU LO SA - A COLORS SHOW,track,KU LO SA - A COLORS SHOW,1,2022-06-10
74,Taylor Swift,Bejeweled,track,Midnights (3am Edition),20,2022-10-22
75,Río Roma,Tú Me Gustas,track,Tú Me Gustas,1,2022-03-04
76,Ashley Cooke,never til now,track,Already Drank That Beer,9,2022-04-01
77,Memphis May Fire,Make Believe,track,Make Believe,7,2022-02-18
78,Muscadine Bloodline,Dyin' For a Livin',track,Dispatch to 16th Ave.,9,2022-02-04
79,The Maine,Loved You A Little (with Taking Back Sunday and Charlotte Sands),track,Loved You A Little (with Taking Back Sunday and Charlotte Sands),1,2022-01-20
80,Tom Odell,Best Day Of My Life,track,Best Day of My Life,12,2022-10-28
81,Kidd G,People Talk,track,People Talk,1,2022-04-15
82,Cordae,Super,track,From a Birds Eye View,14,2022-01-14
83,Post Malone,Wasting Angels (with The Kid LAROI),track,Twelve Carat Toothache,14,2022-06-03
84,Stray Kids,"TASTE (Lee Know, Hyunjin, Felix)",track,MAXIDENT,8,2022-10-07
85,Beyoncé,MOVE (feat. Grace Jones & Tems),track,RENAISSANCE,16,2022-07-29
86,GRAHAM,Mad It's My Fault,track,Mad It's My Fault,1,2022-07-08
87,Chase Matthew,Can't Hide Love,track,Born for This,12,2022-02-11
88,Benson Boone,Work of Art,track,Walk Me Home...,8,2022-07-29
89,Dylan Schneider,Ain't Missin' You,track,Ain't Missin' You,1,2022-09-16
90,LE SSERAFIM,ANTIFRAGILE,track,ANTIFRAGILE,5,2022-10-17
91,Porter Robinson,Everything Goes On,track,Everything Goes On,1,2022-07-14
92,LE SSERAFIM,Good Parts (when the quality is bad but I am),track,ANTIFRAGILE,5,2022-10-17
93,Cults,Gilded Lily - Sped Up,track,Offering,13,2022-10-26
94,Punctual,Do It All Again,track,Do It All Again,1,2022-02-11
95,Jung Kook,My You,track,My You,1,2022-06-13
96,BLACKPINK,Pink Venom,track,Pink Venom,1,2022-08-19
97,Bette Midler,One Way or Another (Hocus Pocus 2 Version),track,Hocus Pocus 2 (Original Soundtrack),28,2022-09-30
98,Chase Matthew,Love You Again,track,Love You Again,1,2022-12-09
99,Lil Durk,Mad Max,track,Lil Durk Presents: Loyal Bros 2,23,2022-12-16
100,Taylor Swift,"You're On Your Own, Kid",track,Midnights (3am Edition),20,2022-10-22
101,The Lumineers,WHERE WE ARE,track,BRIGHTSIDE,9,2022-01-14
102,Ski Mask The Slump God,OOGA BOOGA!,track,OOGA BOOGA!,1,2022-10-25
103,MEDUZA,Bad Memories (feat. Elley Duhé & FAST BOY),track,Bad Memories (feat. Elley Duhé & FAST BOY),1,2022-07-22
104,Lady Gaga,Hold My Hand,track,"Hold My Hand (Music From The Motion Picture ""Top Gun: Maverick"")",1,2022-05-03
105,Big Thief,Change,track,Dragon New Warm Mountain I Believe In You,20,2022-02-11
106,d4vd,Dirty Secrets,track,Dirty Secrets,1,2022-04-27
107,ENHYPEN,Future Perfect (Pass the MIC),track,MANIFESTO : DAY 1,6,2022-07-04
108,Huey Mack,Carry Me Home (feat. Charles Wesley Godwin),track,The Cozy Bar,14,2022-10-21
109,Fireboy DML,Peru,track,Playboy,14,2022-08-04
110,Post Malone,Waiting For Never,track,Twelve Carat Toothache (Deluxe),16,2022-06-07
111,Drake,A Keeper,track,"Honestly, Nevermind",14,2022-06-17
112,Izzamuzzic,Shootout,track,Shootout,1,2022-06-30
113,Yuridia,¿Y Qué Tal Si Funciona?,track,Pa' Luego Es Tarde,14,2022-10-20
114,Connor Price,Chatter,track,Chatter,1,2022-12-02
115,Fujii Kaze,Matsuri,track,LOVE ALL SERVE ALL,11,2022-03-23
116,Tyga,Freaky Deaky,track,Freaky Deaky,1,2022-02-25
117,beabadoobee,10:36,track,Beatopia,14,2022-07-15
118,Josh Ross,First Taste of Gone,track,First Taste of Gone,1,2022-02-11
119,BLACKPINK,Shut Down,track,BORN PINK,8,2022-09-16
120,Rauw Alejandro,LOKERA,track,LOKERA,1,2022-07-25
121,Conan Gray,Yours,track,Superache,12,2022-06-24
122,Fireboy DML,Bandana,track,Playboy,14,2022-08-04
123,Oxlade,KU LO SA - A COLORS SHOW,track,KU LO SA - A COLORS SHOW,1,2022-06-10
124,Taylor Swift,Bejeweled,track,Midnights (3am Edition),20,2022-10-22
125,Río Roma,Tú Me Gustas,track,Tú Me Gustas,1,2022-03-04
126,Ashley Cooke,never til now,track,Already Drank That Beer,9,2022-04-01
127,Memphis May Fire,Make Believe,track,Make Believe,7,2022-02-18
128,Muscadine Bloodline,Dyin' For a Livin',track,Dispatch to 16th Ave.,9,2022-02-04
129,The Maine,Loved You A Little (with Taking Back Sunday and Charlotte Sands),track,Loved You A Little (with Taking Back Sunday and Charlotte Sands),1,2022-01-20
130,Tom Odell,Best Day Of My Life,track,Best Day of My Life,12,2022-10-28
131,Kidd G,People Talk,track,People Talk,1,2022-04-15
132,Cordae,Super,track,From a Birds Eye View,14,2022-01-14
133,Post Malone,Wasting Angels (with The Kid LAROI),track,Twelve Carat Toothache,14,2022-06-03
134,Stray Kids,"TASTE (Lee Know, Hyunjin, Felix)",track,MAXIDENT,8,2022-10-07
135,Beyoncé,MOVE (feat. Grace Jones & Tems),track,RENAISSANCE,16,2022-07-29
136,GRAHAM,Mad It's My Fault,track,Mad It's My Fault,1,2022-07-08
137,Chase Matthew,Can't Hide Love,track,Born for This,12,2022-02-11
138,Benson Boone,Work of Art,track,Walk Me Home...,8,2022-07-29
139,Dylan Schneider,Ain't Missin' You,track,Ain't Missin' You,1,2022-09-16
140,LE SSERAFIM,ANTIFRAGILE,track,ANTIFRAGILE,5,2022-10-17
141,Porter Robinson,Everything Goes On,track,Everything Goes On,1,2022-07-14
142,LE SSERAFIM,Good Parts (when the quality is bad but I am),track,ANTIFRAGILE,5,2022-10-17
143,Cults,Gilded Lily - Sped Up,track,Offering,13,2022-10-26
144,Punctual,Do It All Again,track,Do It All Again,1,2022-02-11
145,Jung Kook,My You,track,My You,1,2022-06-13
146,BLACKPINK,Pink Venom,track,Pink Venom,1,2022-08-19
147,Bette Midler,One Way or Another (Hocus Pocus 2 Version),track,Hocus Pocus 2 (Original Soundtrack),28,2022-09-30
148,Chase Matthew,Love You Again,track,Love You Again,1,2022-12-09
149,Lil Durk,Mad Max,track,Lil Durk Presents: Loyal Bros 2,23,2022-12-16
150,Taylor Swift,"You're On Your Own, Kid",track,Midnights (3am Edition),20,2022-10-22
151,The Lumineers,WHERE WE ARE,track,BRIGHTSIDE,9,2022-01-14
152,Ski Mask The Slump God,OOGA BOOGA!,track,OOGA BOOGA!,1,2022-10-25
153,MEDUZA,Bad Memories (feat. Elley Duhé & FAST BOY),track,Bad Memories (feat. Elley Duhé & FAST BOY),1,2022-07-22
154,Lady Gaga,Hold My Hand,track,"Hold My Hand (Music From The Motion Picture ""Top Gun: Maverick"")",1,2022-05-03
155,Big Thief,Change,track,Dragon New Warm Mountain I Believe In You,20,2022-02-11
156,d4vd,Dirty Secrets,track,Dirty Secrets,1,2022-04-27
157,ENHYPEN,Future Perfect (Pass the MIC),track,MANIFESTO : DAY 1,6,2022-07-04
158,Huey Mack,Carry Me Home (feat. Charles Wesley Godwin),track,The Cozy Bar,14,2022-10-21
159,Fireboy DML,Peru,track,Playboy,14,2022-08-04
160,Post Malone,Waiting For Never,track,Twelve Carat Toothache (Deluxe),16,2022-06-07
161,Drake,A Keeper,track,"Honestly, Nevermind",14,2022-06-17
162,Izzamuzzic,Shootout,track,Shootout,1,2022-06-30
163,Yuridia,¿Y Qué Tal Si Funciona?,track,Pa' Luego Es Tarde,14,2022-10-20
164,Connor Price,Chatter,track,Chatter,1,2022-12-02
165,Fujii Kaze,Matsuri,track,LOVE ALL SERVE ALL,11,2022-03-23
166,Tyga,Freaky Deaky,track,Freaky Deaky,1,2022-02-25
167,beabadoobee,10:36,track,Beatopia,14,2022-07-15
168,Josh Ross,First Taste of Gone,track,First Taste of Gone,1,2022-02-11
169,BLACKPINK,Shut Down,track,BORN PINK,8,2022-09-16
170,Rauw Alejandro,LOKERA,track,LOKERA,1,2022-07-25
171,Conan Gray,Yours,track,Superache,12,2022-06-24
172,Fireboy DML,Bandana,track,Playboy,14,2022-08-04
173,Oxlade,KU LO SA - A COLORS SHOW,track,KU LO SA - A COLORS SHOW,1,2022-06-10
174,Taylor Swift,Bejeweled,track,Midnights (3am Edition),20,2022-10-22
175,Río Roma,Tú Me Gustas,track,Tú Me Gustas,1,2022-03-04
176,Ashley Cooke,never til now,track,Already Drank That Beer,9,2022-04-01
177,Memphis May Fire,Make Believe,track,Make Believe,7,2022-02-18
178,Muscadine Bloodline,Dyin' For a Livin',track,Dispatch to 16th Ave.,9,2022-02-04
179,The Maine,Loved You A Little (with Taking Back Sunday and Charlotte Sands),track,Loved You A Little (with Taking Back Sunday and Charlotte Sands),1,2022-01-20
180,Tom Odell,Best Day Of My Life,track,Best Day of My Life,12,2022-10-28
181,Kidd G,People Talk,track,People Talk,1,2022-04-15
182,Cordae,Super,track,From a Birds Eye View,14,2022-01-14
183,Post Malone,Wasting Angels (with The Kid LAROI),track,Twelve Carat Toothache,14,2022-06-03
184,Stray Kids,"TASTE (Lee Know, Hyunjin, Felix)",track,MAXIDENT,8,2022-10-07
185,Beyoncé,MOVE (feat. Grace Jones & Tems),track,RENAISSANCE,16,2022-07-29
186,GRAHAM,Mad It's My Fault,track,Mad It's My Fault,1,2022-07-08
187,Chase Matthew,Can't Hide Love,track,Born for This,12,2022-02-11
188,Benson Boone,Work of Art,track,Walk Me Home...,8,2022-07-29
189,Dylan Schneider,Ain't Missin' You,track,Ain't Missin' You,1,2022-09-16
190,LE SSERAFIM,ANTIFRAGILE,track,ANTIFRAGILE,5,2022-10-17
191,Porter Robinson,Everything Goes On,track,Everything Goes On,1,2022-07-14
192,LE SSERAFIM,Good Parts (when the quality is bad but I am),track,ANTIFRAGILE,5,2022-10-17
193,Cults,Gilded Lily - Sped Up,track,Offering,13,2022-10-26
194,Punctual,Do It All Again,track,Do It All Again,1,2022-02-11
195,Jung Kook,My You,track,My You,1,2022-06-13
196,BLACKPINK,Pink Venom,track,Pink Venom,1,2022-08-19
197,Bette Midler,One Way or Another (Hocus Pocus 2 Version),track,Hocus Pocus 2 (Original Soundtrack),28,2022-09-30
198,Chase Matthew,Love You Again,track,Love You Again,1,2022-12-09
199,Lil Durk,Mad Max,track,Lil Durk Presents: Loyal Bros 2,23,2022-12-16
200,Taylor Swift,"You're On Your Own, Kid",track,Midnights (3am Edition),20,2022-10-22
201,The Lumineers,WHERE WE ARE,track,BRIGHTSIDE,9,2022-01-14
202,Ski Mask The Slump God,OOGA BOOGA!,track,OOGA BOOGA!,1,2022-10-25
203,MEDUZA,Bad Memories (feat. Elley Duhé & FAST BOY),track,Bad Memories (feat. Elley Duhé & FAST BOY),1,2022-07-22
204,Lady Gaga,Hold My Hand,track,"Hold My Hand (Music From The Motion Picture ""Top Gun: Maverick"")",1,2022-05-03
205,Big Thief,Change,track,Dragon New Warm Mountain I Believe In You,20,2022-02-11
206,d4vd,Dirty Secrets,track,Dirty Secrets,1,2022-04-27
207,ENHYPEN,Future Perfect (Pass the MIC),track,MANIFESTO : DAY 1,6,2022-07-04
208,Huey Mack,Carry Me Home (feat. Charles Wesley Godwin),track,The Cozy Bar,14,2022-10-21
209,Fireboy DML,Peru,track,Playboy,14,2022-08-04
210,Post Malone,Waiting For Never,track,Twelve Carat Toothache (Deluxe),16,2022-06-07
211,Drake,A Keeper,track,"Honestly, Nevermind",14,2022-06-17
212,Izzamuzzic,Shootout,track,Shootout,1,2022-06-30
213,Yuridia,¿Y Qué Tal Si Funciona?,track,Pa' Luego Es Tarde,14,2022-10-20
214,Connor Price,Chatter,track,Chatter,1,2022-12-02
215,Fujii Kaze,Matsuri,track,LOVE ALL SERVE ALL,11,2022-03-23
216,Tyga,Freaky Deaky,track,Freaky Deaky,1,2022-02-25
217,beabadoobee,10:36,track,Beatopia,14,2022-07-15
218,Josh Ross,First Taste of Gone,track,First Taste of Gone,1,2022-02-11
219,BLACKPINK,Shut Down,track,BORN PINK,8,2022-09-16
220,Rauw Alejandro,LOKERA,track,LOKERA,1,2022-07-25
221,Conan Gray,Yours,track,Superache,12,2022-06-24
222,Fireboy DML,Bandana,track,Playboy,14,2022-08-04
223,Oxlade,KU LO SA - A COLORS SHOW,track,KU LO SA - A COLORS SHOW,1,2022-06-10
224,Taylor Swift,Bejeweled,track,Midnights (3am Edition),20,2022-10-22
225,Río Roma,Tú Me Gustas,track,Tú Me Gustas,1,2022-03-04
226,Ashley Cooke,never til now,track,Already Drank That Beer,9,2022-04-01
227,Memphis May Fire,Make Believe,track,Make Believe,7,2022-02-18
228,Muscadine Bloodline,Dyin' For a Livin',track,Dispatch to 16th Ave.,9,2022-02-04
229,The Maine,Loved You A Little (with Taking Back Sunday and Charlotte Sands),track,Loved You A Little (with Taking Back Sunday and Charlotte Sands),1,2022-01-20
230,Tom Odell,Best Day Of My Life,track,Best Day of My Life,12,2022-10-28
231,Kidd G,People Talk,track,People Talk,1,2022-04-15
232,Cordae,Super,track,From a Birds Eye View,14,2022-01-14
233,Post Malone,Wasting Angels (with The Kid LAROI),track,Twelve Carat Toothache,14,2022-06-03
234,Stray Kids,"TASTE (Lee Know, Hyunjin, Felix)",track,MAXIDENT,8,2022-10-07
235,Beyoncé,MOVE (feat. Grace Jones & Tems),track,RENAISSANCE,16,2022-07-29
236,GRAHAM,Mad It's My Fault,track,Mad It's My Fault,1,2022-07-08
237,Chase Matthew,Can't Hide Love,track,Born for This,12,2022-02-11
238,Benson Boone,Work of Art,track,Walk Me Home...,8,2022-07-29
239,Dylan Schneider,Ain't Missin' You,track,Ain't Missin' You,1,2022-09-16
240,LE SSERAFIM,ANTIFRAGILE,track,ANTIFRAGILE,5,2022-10-17
241,Porter Robinson,Everything Goes On,track,Everything Goes On,1,2022-07-14
242,LE SSERAFIM,Good Parts (when the quality is bad but I am),track,ANTIFRAGILE,5,2022-10-17
243,Cults,Gilded Lily - Sped Up,track,Offering,13,2022-10-26
244,Punctual,Do It All Again,track,Do It All Again,1,2022-02-11
245,Jung Kook,My You,track,My You,1,2022-06-13
246,BLACKPINK,Pink Venom,track,Pink Venom,1,2022-08-19
247,Bette Midler,One Way or Another (Hocus Pocus 2 Version),track,Hocus Pocus 2 (Original Soundtrack),28,2022-09-30
248,Chase Matthew,Love You Again,track,Love You Again,1,2022-12-09
249,Lil Durk,Mad Max,track,Lil Durk Presents: Loyal Bros 2,23,2022-12-16
250,Taylor Swift,"You're On Your Own, Kid",track,Midnights (3am Edition),20,2022-10-22
251,The Lumineers,WHERE WE ARE,track,BRIGHTSIDE,9,2022-01-14
252,Ski Mask The Slump God,OOGA BOOGA!,track,OOGA BOOGA!,1,2022-10-25
253,MEDUZA,Bad Memories (feat. Elley Duhé & FAST BOY),track,Bad Memories (feat. Elley Duhé & FAST BOY),1,2022-07-22
254,Lady Gaga,Hold My Hand,track,"Hold My Hand (Music From The Motion Picture ""Top Gun: Maverick"")",1,2022-05-03
255,Big Thief,Change,track,Dragon New Warm Mountain I Believe In You,20,2022-02-11
256,d4vd,Dirty Secrets,track,Dirty Secrets,1,2022-04-27
257,ENHYPEN,Future Perfect (Pass the MIC),track,MANIFESTO : DAY 1,6,2022-07-04
258,Huey Mack,Carry Me Home (feat. Charles Wesley Godwin),track,The Cozy Bar,14,2022-10-21
259,Fireboy DML,Peru,track,Playboy,14,2022-08-04
260,Post Malone,Waiting For Never,track,Twelve Carat Toothache (Deluxe),16,2022-06-07
261,Drake,A Keeper,track,"Honestly, Nevermind",14,2022-06-17
262,Izzamuzzic,Shootout,track,Shootout,1,2022-06-30
263,Yuridia,¿Y Qué Tal Si Funciona?,track,Pa' Luego Es Tarde,14,2022-10-20
264,Connor Price,Chatter,track,Chatter,1,2022-12-02
265,Fujii Kaze,Matsuri,track,LOVE ALL SERVE ALL,11,2022-03-23
266,Tyga,Freaky Deaky,track,Freaky Deaky,1,2022-02-25
267,beabadoobee,10:36,track,Beatopia,14,2022-07-15
268,Josh Ross,First Taste of Gone,track,First Taste of Gone,1,2022-02-11
269,BLACKPINK,Shut Down,track,BORN PINK,8,2022-09-16
270,Rauw Alejandro,LOKERA,track,LOKERA,1,2022-07-25
271,Conan Gray,Yours,track,Superache,12,2022-06-24
272,Fireboy DML,Bandana,track,Playboy,14,2022-08-04
273,Oxlade,KU LO SA - A COLORS SHOW,track,KU LO SA - A COLORS SHOW,1,2022-06-10
274,Taylor Swift,Bejeweled,track,Midnights (3am Edition),20,2022-10-22
275,Río Roma,Tú Me Gustas,track,Tú Me Gustas,1,2022-03-04
276,Ashley Cooke,never til now,track,Already Drank That Beer,9,2022-04-01
277,Memphis May Fire,Make Believe,track,Make Believe,7,2022-02-18
278,Muscadine Bloodline,Dyin' For a Livin',track,Dispatch to 16th Ave.,9,2022-02-04
279,The Maine,Loved You A Little (with Taking Back Sunday and Charlotte Sands),track,Loved You A Little (with Taking Back Sunday and Charlotte Sands),1,2022-01-20
280,Tom Odell,Best Day Of My Life,track,Best Day of My Life,12,2022-10-28
281,Kidd G,People Talk,track,People Talk,1,2022-04-15
282,Cordae,Super,track,From a Birds Eye View,14,2022-01-14
283,Post Malone,Wasting Angels (with The Kid LAROI),track,Twelve Carat Toothache,14,2022-06-03
284,Stray Kids,"TASTE (Lee Know, Hyunjin, Felix)",track,MAXIDENT,8,2022-10-07
285,Beyoncé,MOVE (feat. Grace Jones & Tems),track,RENAISSANCE,16,2022-07-29
286,GRAHAM,Mad It's My Fault,track,Mad It's My Fault,1,2022-07-08
287,Chase Matthew,Can't Hide Love,track,Born for This,12,2022-02-11
288,Benson Boone,Work of Art,track,Walk Me Home...,8,2022-07-29
289,Dylan Schneider,Ain't Missin' You,track,Ain't Missin' You,1,2022-09-16
290,LE SSERAFIM,ANTIFRAGILE,track,ANTIFRAGILE,5,2022-10-17
291,Porter Robinson,Everything Goes On,track,Everything Goes On,1,2022-07-14
292,LE SSERAFIM,Good Parts (when the quality is bad but I am),track,ANTIFRAGILE,5,2022-10-17
293,Cults,Gilded Lily - Sped Up,track,Offering,13,2022-10-26
294,Punctual,Do It All Again,track,Do It All Again,1,2022-02-11
295,Jung Kook,My You,track,My You,1,2022-06-13
296,BLACKPINK,Pink Venom,track,Pink Venom,1,2022-08-19
297,Bette Midler,One Way or Another (Hocus Pocus 2 Version),track,Hocus Pocus 2 (Original Soundtrack),28,2022-09-30
298,Chase Matthew,Love You Again,track,Love You Again,1,2022-12-09
299,Lil Durk,Mad Max,track,Lil Durk Presents: Loyal Bros 2,23,2022-12-16
300,Taylor Swift,"You're On Your Own, Kid",track,Midnights (3am Edition),20,2022-10-22
301,The Lumineers,WHERE WE ARE,track,BRIGHTSIDE,9,2022-01-14
302,Ski Mask The Slump God,OOGA BOOGA!,track,OOGA BOOGA!,1,2022-10-25
303,MEDUZA,Bad Memories (feat. Elley Duhé & FAST BOY),track,Bad Memories (feat. Elley Duhé & FAST BOY),1,2022-07-22
304,Lady Gaga,Hold My Hand,track,"Hold My Hand (Music From The Motion Picture ""Top Gun: Maverick"")",1,2022-05-03
305,Big Thief,Change,track,Dragon New Warm Mountain I Believe In You,20,2022-02-11
306,d4vd,Dirty Secrets,track,Dirty Secrets,1,2022-04-27
307,ENHYPEN,Future Perfect (Pass the MIC),track,MANIFESTO : DAY 1,6,2022-07-04
308,Huey Mack,Carry Me Home (feat. Charles Wesley Godwin),track,The Cozy Bar,14,2022-10-21
309,Fireboy DML,Peru,track,Playboy,14,2022-08-04
310,Post Malone,Waiting For Never,track,Twelve Carat Toothache (Deluxe),16,2022-06-07
311,Drake,A Keeper,track,"Honestly, Nevermind",14,2022-06-17
312,Izzamuzzic,Shootout,track,Shootout,1,2022-06-30
313,Yuridia,¿Y Qué Tal Si Funciona?,track,Pa' Luego Es Tarde,14,2022-10-20
314,Connor Price,Chatter,track,Chatter,1,2022-12-02
315,Fujii Kaze,Matsuri,track,LOVE ALL SERVE ALL,11,2022-03-23
316,Tyga,Freaky Deaky,track,Freaky Deaky,1,2022-02-25
317,beabadoobee,10:36,track,Beatopia,14,2022-07-15
318,Josh Ross,First Taste of Gone,track,First Taste of Gone,1,2022-02-11
319,BLACKPINK,Shut Down,track,BORN PINK,8,2022-09-16
320,Rauw Alejandro,LOKERA,track,LOKERA,1,2022-07-25
321,Conan Gray,Yours,track,Superache,12,2022-06-24
322,Fireboy DML,Bandana,track,Playboy,14,2022-08-04
323,Oxlade,KU LO SA - A COLORS SHOW,track,KU LO SA - A COLORS SHOW,1,2022-06-10
324,Taylor Swift,Bejeweled,track,Midnights (3am Edition),20,2022-10-22
325,Río Roma,Tú Me Gustas,track,Tú Me Gustas,1,2022-03-04
326,Ashley Cooke,never til now,track,Already Drank That Beer,9,2022-04-01
327,Memphis May Fire,Make Believe,track,Make Believe,7,2022-02-18
328,Muscadine Bloodline,Dyin' For a Livin',track,Dispatch to 16th Ave.,9,2022-02-04
329,The Maine,Loved You A Little (with Taking Back Sunday and Charlotte Sands),track,Loved You A Little (with Taking Back Sunday and Charlotte Sands),1,2022-01-20
330,Tom Odell,Best Day Of My Life,track,Best Day of My Life,12,2022-10-28
331,Kidd G,People Talk,track,People Talk,1,2022-04-15
332,Cordae,Super,track,From a Birds Eye View,14,2022-01-14
333,Post Malone,Wasting Angels (with The Kid LAROI),track,Twelve Carat Toothache,14,2022-06-03
334,Stray Kids,"TASTE (Lee Know, Hyunjin, Felix)",track,MAXIDENT,8,2022-10-07
335,Beyoncé,MOVE (feat. Grace Jones & Tems),track,RENAISSANCE,16,2022-07-29
336,GRAHAM,Mad It's My Fault,track,Mad It's My Fault,1,2022-07-08
337,Chase Matthew,Can't Hide Love,track,Born for This,12,2022-02-11
338,Benson Boone,Work of Art,track,Walk Me Home...,8,2022-07-29
339,Dylan Schneider,Ain't Missin' You,track,Ain't Missin' You,1,2022-09-16
340,LE SSERAFIM,ANTIFRAGILE,track,ANTIFRAGILE,5,2022-10-17
341,Porter Robinson,Everything Goes On,track,Everything Goes On,1,2022-07-14
342,LE SSERAFIM,Good Parts (when the quality is bad but I am),track,ANTIFRAGILE,5,2022-10-17
343,Cults,Gilded Lily - Sped Up,track,Offering,13,2022-10-26
344,Punctual,Do It All Again,track,Do It All Again,1,2022-02-11
345,Jung Kook,My You,track,My You,1,2022-06-13
346,BLACKPINK,Pink Venom,track,Pink Venom,1,2022-08-19
347,Bette Midler,One Way or Another (Hocus Pocus 2 Version),track,Hocus Pocus 2 (Original Soundtrack),28,2022-09-30
348,Chase Matthew,Love You Again,track,Love You Again,1,2022-12-09
349,Lil Durk,Mad Max,track,Lil Durk Presents: Loyal Bros 2,23,2022-12-16
350,Taylor Swift,"You're On Your Own, Kid",track,Midnights (3am Edition),20,2022-10-22
351,The Lumineers,WHERE WE ARE,track,BRIGHTSIDE,9,2022-01-14
352,Ski Mask The Slump God,OOGA BOOGA!,track,OOGA BOOGA!,1,2022-10-25
353,MEDUZA,Bad Memories (feat. Elley Duhé & FAST BOY),track,Bad Memories (feat. Elley Duhé & FAST BOY),1,2022-07-22
354,Lady Gaga,Hold My Hand,track,"Hold My Hand (Music From The Motion Picture ""Top Gun: Maverick"")",1,2022-05-03
355,Big Thief,Change,track,Dragon New Warm Mountain I Believe In You,20,2022-02-11
356,d4vd,Dirty Secrets,track,Dirty Secrets,1,2022-04-27
357,ENHYPEN,Future Perfect (Pass the MIC),track,MANIFESTO : DAY 1,6,2022-07-04
358,Huey Mack,Carry Me Home (feat. Charles Wesley Godwin),track,The Cozy Bar,14,2022-10-21
359,Fireboy DML,Peru,track,Playboy,14,2022-08-04
360,Post Malone,Waiting For Never,track,Twelve Carat Toothache (Deluxe),16,2022-06-07
361,Drake,A Keeper,track,"Honestly, Nevermind",14,2022-06-17
362,Izzamuzzic,Shootout,track,Shootout,1,2022-06-30
363,Yuridia,¿Y Qué Tal Si Funciona?,track,Pa' Luego Es Tarde,14,2022-10-20
364,Connor Price,Chatter,track,Chatter,1,2022-12-02
365,Fujii Kaze,Matsuri,track,LOVE ALL SERVE ALL,11,2022-03-23
366,Tyga,Freaky Deaky,track,Freaky Deaky,1,2022-02-25
367,beabadoobee,10:36,track,Beatopia,14,2022-07-15
368,Josh Ross,First Taste of Gone,track,First Taste of Gone,1,2022-02-11
369,BLACKPINK,Shut Down,track,BORN PINK,8,2022-09-16
370,Rauw Alejandro,LOKERA,track,LOKERA,1,2022-07-25
371,Conan Gray,Yours,track,Superache,12,2022-06-24
372,Fireboy DML,Bandana,track,Playboy,14,2022-08-04
373,Oxlade,KU LO SA - A COLORS SHOW,track,KU LO SA - A COLORS SHOW,1,2022-06-10
374,Taylor Swift,Bejeweled,track,Midnights (3am Edition),20,2022-10-22
375,Río Roma,Tú Me Gustas,track,Tú Me Gustas,1,2022-03-04
376,Ashley Cooke,never til now,track,Already Drank That Beer,9,2022-04-01
377,Memphis May Fire,Make Believe,track,Make Believe,7,2022-02-18
378,Muscadine Bloodline,Dyin' For a Livin',track,Dispatch to 16th Ave.,9,2022-02-04
379,The Maine,Loved You A Little (with Taking Back Sunday and Charlotte Sands),track,Loved You A Little (with Taking Back Sunday and Charlotte Sands),1,2022-01-20
380,Tom Odell,Best Day Of My Life,track,Best Day of My Life,12,2022-10-28
381,Kidd G,People Talk,track,People Talk,1,2022-04-15
382,Cordae,Super,track,From a Birds Eye View,14,2022-01-14
383,Post Malone,Wasting Angels (with The Kid LAROI),track,Twelve Carat Toothache,14,2022-06-03
384,Stray Kids,"TASTE (Lee Know, Hyunjin, Felix)",track,MAXIDENT,8,2022-10-07
385,Beyoncé,MOVE (feat. Grace Jones & Tems),track,RENAISSANCE,16,2022-07-29
386,GRAHAM,Mad It's My Fault,track,Mad It's My Fault,1,2022-07-08
387,Chase Matthew,Can't Hide Love,track,Born for This,12,2022-02-11
388,Benson Boone,Work of Art,track,Walk Me Home...,8,2022-07-29
389,Dylan Schneider,Ain't Missin' You,track,Ain't Missin' You,1,2022-09-16
390,LE SSERAFIM,ANTIFRAGILE,track,ANTIFRAGILE,5,2022-10-17
391,Porter Robinson,Everything Goes On,track,Everything Goes On,1,2022-07-14
392,LE SSERAFIM,Good Parts (when the quality is bad but I am),track,ANTIFRAGILE,5,2022-10-17
393,Cults,Gilded Lily - Sped Up,track,Offering,13,2022-10-26
394,Punctual,Do It All Again,track,Do It All Again,1,2022-02-11
395,Jung Kook,My You,track,My You,1,2022-06-13
396,BLACKPINK,Pink Venom,track,Pink Venom,1,2022-08-19
397,Bette Midler,One Way or Another (Hocus Pocus 2 Version),track,Hocus Pocus 2 (Original Soundtrack),28,2022-09-30
398,Chase Matthew,Love You Again,track,Love You Again,1,2022-12-09
399,Lil Durk,Mad Max,track,Lil Durk Presents: Loyal Bros 2,23,2022-12-16
400,Taylor Swift,"You're On Your Own, Kid",track,Midnights (3am Edition),20,2022-10-22
401,The Lumineers,WHERE WE ARE,track,BRIGHTSIDE,9,2022-01-14
402,Ski Mask The Slump God,OOGA BOOGA!,track,OOGA BOOGA!,1,2022-10-25
403,MEDUZA,Bad Memories (feat. Elley Duhé & FAST BOY),track,Bad Memories (feat. Elley Duhé & FAST BOY),1,2022-07-22
404,Lady Gaga,Hold My Hand,track,"Hold My Hand (Music From The Motion Picture ""Top Gun: Maverick"")",1,2022-05-03
405,Big Thief,Change,track,Dragon New Warm Mountain I Believe In You,20,2022-02-11
406,d4vd,Dirty Secrets,track,Dirty Secrets,1,2022-04-27
407,ENHYPEN,Future Perfect (Pass the MIC),track,MANIFESTO : DAY 1,6,2022-07-04
408,Huey Mack,Carry Me Home (feat. Charles Wesley Godwin),track,The Cozy Bar,14,2022-10-21
409,Fireboy DML,Peru,track,Playboy,14,2022-08-04
410,Post Malone,Waiting For Never,track,Twelve Carat Toothache (Deluxe),16,2022-06-07
411,Drake,A Keeper,track,"Honestly, Nevermind",14,2022-06-17
412,Izzamuzzic,Shootout,track,Shootout,1,2022-06-30
413,Yuridia,¿Y Qué Tal Si Funciona?,track,Pa' Luego Es Tarde,14,2022-10-20
414,Connor Price,Chatter,track,Chatter,1,2022-12-02
415,Fujii Kaze,Matsuri,track,LOVE ALL SERVE ALL,11,2022-03-23
416,Tyga,Freaky Deaky,track,Freaky Deaky,1,2022-02-25
417,beabadoobee,10:36,track,Beatopia,14,2022-07-15
418,Josh Ross,First Taste of Gone,track,First Taste of Gone,1,2022-02-11
419,BLACKPINK,Shut Down,track,BORN PINK,8,2022-09-16
420,Rauw Alejandro,LOKERA,track,LOKERA,1,2022-07-25
421,Conan Gray,Yours,track,Superache,12,2022-06-24
422,Fireboy DML,Bandana,track,Playboy,14,2022-08-04
423,Oxlade,KU LO SA - A COLORS SHOW,track,KU LO SA - A COLORS SHOW,1,2022-06-10
424,Taylor Swift,Bejeweled,track,Midnights (3am Edition),20,2022-10-22
425,Río Roma,Tú Me Gustas,track,Tú Me Gustas,1,2022-03-04
426,Ashley Cooke,never til now,track,Already Drank That Beer,9,2022-04-01
427,Memphis May Fire,Make Believe,track,Make Believe,7,2022-02-18
428,Muscadine Bloodline,Dyin' For a Livin',track,Dispatch to 16th Ave.,9,2022-02-04
429,The Maine,Loved You A Little (with Taking Back Sunday and Charlotte Sands),track,Loved You A Little (with Taking Back Sunday and Charlotte Sands),1,2022-01-20
430,Tom Odell,Best Day Of My Life,track,Best Day of My Life,12,2022-10-28
431,Kidd G,People Talk,track,People Talk,1,2022-04-15
432,Cordae,Super,track,From a Birds Eye View,14,2022-01-14
433,Post Malone,Wasting Angels (with The Kid LAROI),track,Twelve Carat Toothache,14,2022-06-03
434,Stray Kids,"TASTE (Lee Know, Hyunjin, Felix)",track,MAXIDENT,8,2022-10-07
435,Beyoncé,MOVE (feat. Grace Jones & Tems),track,RENAISSANCE,16,2022-07-29
436,GRAHAM,Mad It's My Fault,track,Mad It's My Fault,1,2022-07-08
437,Chase Matthew,Can't Hide Love,track,Born for This,12,2022-02-11
438,Benson Boone,Work of Art,track,Walk Me Home...,8,2022-07-29
439,Dylan Schneider,Ain't Missin' You,track,Ain't Missin' You,1,2022-09-16
440,LE SSERAFIM,ANTIFRAGILE,track,ANTIFRAGILE,5,2022-10-17
441,Porter Robinson,Everything Goes On,track,Everything Goes On,1,2022-07-14
442,LE SSERAFIM,Good Parts (when the quality is bad but I am),track,ANTIFRAGILE,5,2022-10-17
443,Cults,Gilded Lily - Sped Up,track,Offering,13,2022-10-26
444,Punctual,Do It All Again,track,Do It All Again,1,2022-02-11
445,Jung Kook,My You,track,My You,1,2022-06-13
446,BLACKPINK,Pink Venom,track,Pink Venom,1,2022-08-19
447,Bette Midler,One Way or Another (Hocus Pocus 2 Version),track,Hocus Pocus 2 (Original Soundtrack),28,2022-09-30
448,Chase Matthew,Love You Again,track,Love You Again,1,2022-12-09
449,Lil Durk,Mad Max,track,Lil Durk Presents: Loyal Bros 2,23,2022-12-16
450,Taylor Swift,"You're On Your Own, Kid",track,Midnights (3am Edition),20,2022-10-22
451,The Lumineers,WHERE WE ARE,track,BRIGHTSIDE,9,2022-01-14
452,Ski Mask The Slump God,OOGA BOOGA!,track,OOGA BOOGA!,1,2022-10-25
453,MEDUZA,Bad Memories (feat. Elley Duhé & FAST BOY),track,Bad Memories (feat. Elley Duhé & FAST BOY),1,2022-07-22
454,Lady Gaga,Hold My Hand,track,"Hold My Hand (Music From The Motion Picture ""Top Gun: Maverick"")",1,2022-05-03
455,Big Thief,Change,track,Dragon New Warm Mountain I Believe In You,20,2022-02-11
456,d4vd,Dirty Secrets,track,Dirty Secrets,1,2022-04-27
457,ENHYPEN,Future Perfect (Pass the MIC),track,MANIFESTO : DAY 1,6,2022-07-04
458,Huey Mack,Carry Me Home (feat. Charles Wesley Godwin),track,The Cozy Bar,14,2022-10-21
459,Fireboy DML,Peru,track,Playboy,14,2022-08-04
460,Post Malone,Waiting For Never,track,Twelve Carat Toothache (Deluxe),16,2022-06-07
461,Drake,A Keeper,track,"Honestly, Nevermind",14,2022-06-17
462,Izzamuzzic,Shootout,track,Shootout,1,2022-06-30
463,Yuridia,¿Y Qué Tal Si Funciona?,track,Pa' Luego Es Tarde,14,2022-10-20
464,Connor Price,Chatter,track,Chatter,1,2022-12-02
465,Fujii Kaze,Matsuri,track,LOVE ALL SERVE ALL,11,2022-03-23
466,Tyga,Freaky Deaky,track,Freaky Deaky,1,2022-02-25
467,beabadoobee,10:36,track,Beatopia,14,2022-07-15
468,Josh Ross,First Taste of Gone,track,First Taste of Gone,1,2022-02-11
469,BLACKPINK,Shut Down,track,BORN PINK,8,2022-09-16
470,Rauw Alejandro,LOKERA,track,LOKERA,1,2022-07-25
471,Conan Gray,Yours,track,Superache,12,2022-06-24
472,Fireboy DML,Bandana,track,Playboy,14,2022-08-04
473,Oxlade,KU LO SA - A COLORS SHOW,track,KU LO SA - A COLORS SHOW,1,2022-06-10
474,Taylor Swift,Bejeweled,track,Midnights (3am Edition),20,2022-10-22
475,Río Roma,Tú Me Gustas,track,Tú Me Gustas,1,2022-03-04
476,Ashley Cooke,never til now,track,Already Drank That Beer,9,2022-04-01
477,Memphis May Fire,Make Believe,track,Make Believe,7,2022-02-18
478,Muscadine Bloodline,Dyin' For a Livin',track,Dispatch to 16th Ave.,9,2022-02-04
479,The Maine,Loved You A Little (with Taking Back Sunday and Charlotte Sands),track,Loved You A Little (with Taking Back Sunday and Charlotte Sands),1,2022-01-20
480,Tom Odell,Best Day Of My Life,track,Best Day of My Life,12,2022-10-28
481,Kidd G,People Talk,track,People Talk,1,2022-04-15
482,Cordae,Super,track,From a Birds Eye View,14,2022-01-14
483,Post Malone,Wasting Angels (with The Kid LAROI),track,Twelve Carat Toothache,14,2022-06-03
484,Stray Kids,"TASTE (Lee Know, Hyunjin, Felix)",track,MAXIDENT,8,2022-10-07
485,Beyoncé,MOVE (feat. Grace Jones & Tems),track,RENAISSANCE,16,2022-07-29
486,GRAHAM,Mad It's My Fault,track,Mad It's My Fault,1,2022-07-08
487,Chase Matthew,Can't Hide Love,track,Born for This,12,2022-02-11
488,Benson Boone,Work of Art,track,Walk Me Home...,8,2022-07-29
489,Dylan Schneider,Ain't Missin' You,track,Ain't Missin' You,1,2022-09-16
490,LE SSERAFIM,ANTIFRAGILE,track,ANTIFRAGILE,5,2022-10-17
491,Porter Robinson,Everything Goes On,track,Everything Goes On,1,2022-07-14
492,LE SSERAFIM,Good Parts (when the quality is bad but I am),track,ANTIFRAGILE,5,2022-10-17
493,Cults,Gilded Lily - Sped Up,track,Offering,13,2022-10-26
494,Punctual,Do It All Again,track,Do It All Again,1,2022-02-11
495,Jung Kook,My You,track,My You,1,2022-06-13
496,BLACKPINK,Pink Venom,track,Pink Venom,1,2022-08-19
497,Bette Midler,One Way or Another (Hocus Pocus 2 Version),track,Hocus Pocus 2 (Original Soundtrack),28,2022-09-30
498,Chase Matthew,Love You Again,track,Love You Again,1,2022-12-09
499,Lil Durk,Mad Max,track,Lil Durk Presents: Loyal Bros 2,23,2022-12-16
