,Unnamed: 0,artista,cancion,tipo,nombre_album,total_tracks,año_lanzamiento
0,0,Noah Kahan,Stick Season,track,Stick Season,14,2022-10-14
1,1,Djo,End of Beginning,track,DECIDE,13,2022-09-16
2,2,Sabrina Carpenter,Nonsense,track,emails i can't send,13,2022-07-15
3,3,SZA,Snooze,track,SOS,23,2022-12-09
4,4,d4vd,Romantic Homicide,track,Romantic Homicide,1,2022-07-20
5,5,SZA,Kill Bill,track,SOS,23,2022-12-08
6,6,Josh Meloy,Porch Light,track,Porch Light,1,2022-11-18
7,7,Noah Kahan,All My Love,track,Stick Season,14,2022-10-14
8,8,Harry Styles,As It Was,track,Harry's House,13,2022-05-20
9,9,Suki Waterhouse,Good Looking,track,Good Looking,3,2022-08-18
10,10,Lil Durk,Broadway Girls (feat. Morgan Wallen),track,7220 (Reloaded),18,2022-03-10
11,11,beabadoobee,the perfect pair,track,Beatopia,14,2022-07-15
12,12,SZA,Good Days,track,SOS,23,2022-12-09
13,13,Drake,Jimmy Cooks (feat. 21 Savage),track,"Honestly, Nevermind",14,2022-06-17
14,14,Sabrina Carpenter,because i liked a boy,track,emails i can't send,13,2022-07-15
15,15,Noah Kahan,Northern Attitude,track,Stick Season,14,2022-10-14
16,16,JID,Surround Sound (feat. 21 Savage & Baby Tate),track,The Forever Story (Extended Version),16,2022-10-31
17,17,Lizzy McAlpine,ceilings,track,five seconds flat,14,2022-04-08
18,18,Taylor Swift,Anti-Hero,track,Midnights,13,2022-10-21
19,19,SZA,Open Arms (feat. Travis Scott),track,SOS,23,2022-12-08
20,20,David Guetta,I'm Good (Blue),track,I'm Good (Blue),2,2022-08-26
21,21,Wyatt Flores,Please Don't Go,track,Please Don't Go,1,2022-07-15
22,22,Billie Eilish,TV,track,Guitar Songs,2,2022-07-21
23,23,Noah Kahan,Orange Juice,track,Stick Season,14,2022-10-14
24,24,ERNEST,Flower Shops (feat. Morgan Wallen),track,FLOWER SHOPS (THE ALBUM),11,2022-03-11
25,25,LECADE,When Im Gone,track,When Im Gone,1,2022-05-27
26,26,Drake,Spin Bout U,track,Her Loss,16,2022-11-04
27,27,Omar Apollo,Evergreen (You Didn’t Deserve Me At All),track,Ivory,16,2022-04-08
28,28,Lainey Wilson,Watermelon Moonshine,track,Bell Bottom Country,16,2022-11-28
29,29,Imagine Dragons,Bones,track,Mercury - Acts 1 & 2,32,2022-07-01
30,30,Meghan Trainor,Made You Look,track,Takin' It Back,16,2022-10-21
31,31,Noah Kahan,New Perspective,track,Stick Season,14,2022-10-14
32,32,Post Malone,I Like You (A Happier Song) (with Doja Cat),track,Twelve Carat Toothache,14,2022-06-03
33,33,Benson Boone,NIGHTS LIKE THESE,track,Walk Me Home...,8,2022-07-29
34,34,Tate McRae,she's all i wanna be,track,i used to think i could fly,13,2022-05-27
35,35,OneRepublic,I Ain't Worried,track,"I Ain’t Worried (Music From The Motion Picture ""Top Gun: Maverick"")",1,2022-05-13
36,36,Taylor Swift,Karma,track,Midnights,13,2022-10-21
37,37,SZA,Low,track,SOS,23,2022-12-09
38,38,Lainey Wilson,Heart Like A Truck,track,Bell Bottom Country,16,2022-11-28
39,39,Noah Kahan,Homesick,track,Stick Season,14,2022-10-14
40,40,Drake,Rich Flex,track,Her Loss,16,2022-11-04
41,41,The Weeknd,Is There Someone Else?,track,Dawn FM,16,2022-01-06
42,42,Cults,Gilded Lily,track,Offering,13,2022-10-26
43,43,Sabrina Carpenter,Read your Mind,track,emails i can't send,13,2022-07-15
44,44,JVKE,golden hour,track,this is what ____ feels like (Vol. 1-4),12,2022-09-23
45,45,SZA,Awkward,track,Ctrl (Deluxe),21,2022-06-09
46,46,Noah Kahan,"Everywhere, Everything",track,Stick Season,14,2022-10-14
47,47,Chance Peña,In My Room,track,In My Room,1,2022-05-06
48,48,SZA,Kill Bill,track,SOS,23,2022-12-09
49,49,Becky G,MAMIII,track,ESQUEMAS,14,2022-05-13
50,50,Conan Gray,People Watching,track,Superache,12,2022-06-24
51,51,Feid,Feliz Cumpleaños Ferxxo,track,FELIZ CUMPLEAÑOS FERXXO TE PIRATEAMOS EL ÁLBUM,15,2022-09-14
52,52,Harry Styles,Late Night Talking,track,Harry's House,13,2022-05-20
53,53,Taylor Swift,"You're On Your Own, Kid",track,Midnights,13,2022-10-21
54,54,Imagine Dragons,Enemy (with JID) - from the series Arcane League of Legends,track,Mercury - Acts 1 & 2,32,2022-07-01
55,55,Taylor Swift,Lavender Haze,track,Midnights,13,2022-10-21
56,56,Rema,Calm Down (with Selena Gomez),track,Calm Down (with Selena Gomez),1,2022-08-25
57,57,Conan Gray,Memories,track,Superache,12,2022-06-24
58,58,SZA,Shirt,track,SOS,23,2022-12-09
59,59,Taylor Swift,Bejeweled,track,Midnights,13,2022-10-21
60,60,Hotel Ugly,Shut up My Moms Calling (Sped up),track,Shut up My Moms Calling (Sped up),2,2022-09-14
61,61,Joji,Glimpse of Us,track,Glimpse of Us,1,2022-06-10
62,62,Dhruv,double take,track,rapunzel,8,2022-01-21
63,63,Alok,Deep Down (feat. Never Dull),track,Deep Down (feat. Never Dull),1,2022-06-17
64,64,Warren Zeiders,Ride the Lightning - 717 Tapes,track,717 Tapes the Album,15,2022-09-30
65,65,Drake,Hours In Silence,track,Her Loss,16,2022-11-04
66,66,Chance Peña,Sleep Deprivation,track,Sleep Deprivation,1,2022-04-01
67,67,Riley Green,Hell Of A Way To Go,track,Hell Of A Way To Go,1,2022-05-13
68,68,Conan Gray,Family Line,track,Superache,12,2022-06-24
69,69,SZA,Open Arms (feat. Travis Scott),track,SOS,23,2022-12-09
70,70,JVKE,this is what falling in love feels like,track,this is what ____ feels like (Vol. 1-4),12,2022-09-23
71,71,Jack Harlow,First Class,track,Come Home The Kids Miss You,15,2022-05-06
72,72,Sam Smith,Unholy (feat. Kim Petras),track,Unholy (feat. Kim Petras),1,2022-09-22
73,73,NewJeans,Ditto,track,Ditto,1,2022-12-19
74,74,SZA,Ghost in the Machine (feat. Phoebe Bridgers),track,SOS,23,2022-12-09
75,75,Joji,Glimpse of Us,track,SMITHEREENS,9,2022-11-04
76,76,Taylor Swift,Midnight Rain,track,Midnights,13,2022-10-21
77,77,Feid,Normal,track,FELIZ CUMPLEAÑOS FERXXO TE PIRATEAMOS EL ÁLBUM,15,2022-09-14
78,78,Suki Waterhouse,Moves,track,I Can't Let Go,10,2022-05-06
79,79,Bryan Martin,Memory to Drown,track,Self Inflicted Scars,12,2022-04-29
80,80,Benson Boone,Before You,track,Before You,1,2022-10-28
81,81,JVKE,golden hour,track,this is what falling in love feels like (554Hz),3,2022-10-03
82,82,Swedish House Mafia,Moth To A Flame (with The Weeknd),track,Paradise Again,17,2022-04-15
83,83,Conan Gray,Astronomy,track,Superache,12,2022-06-24
84,84,Tory Lanez,I LIKE,track,I LIKE,1,2022-04-22
85,85,Joji,Die For You,track,SMITHEREENS,9,2022-11-04
86,86,Doja Cat,Vegas (From the Original Motion Picture Soundtrack ELVIS),track,Vegas (From the Original Motion Picture Soundtrack ELVIS),1,2022-05-06
87,87,Feid,CHORRITO PA LAS ANIMAS,track,SIXDO,6,2022-12-02
88,88,Beyoncé,CUFF IT,track,RENAISSANCE,16,2022-07-29
89,89,Ozuna,Hey Mor,track,OzuTochi,18,2022-10-07
90,90,Wyatt Flores,Losing Sleep,track,Losing Sleep,1,2022-02-11
91,91,Bryan Martin,Everyone's An Outlaw,track,Self Inflicted Scars,12,2022-04-29
92,92,Warren Zeiders,Up To No Good,track,717 Tapes the Album,15,2022-09-30
93,93,Sean Paul,Get Busy,track,Dutty Rock (20th Anniversary),21,2022-11-11
94,94,Yuridia,Qué Agonía,track,Pa' Luego Es Tarde,14,2022-10-20
95,95,Bizarrap,"Quevedo: Bzrp Music Sessions, Vol. 52",track,"Quevedo: Bzrp Music Sessions, Vol. 52",1,2022-07-06
96,96,Josh Meloy,You Here Tonight,track,You Here Tonight,1,2022-08-26
97,97,Drake,On BS,track,Her Loss,16,2022-11-04
98,98,NewJeans,Hype Boy,track,NewJeans 1st EP 'New Jeans',4,2022-08-01
99,99,Drake,Pussy & Millions (feat. Travis Scott),track,Her Loss,16,2022-11-04
100,100,Lizzy McAlpine,doomsday,track,five seconds flat,14,2022-04-08
101,101,The Weeknd,Out of Time,track,Dawn FM,16,2022-01-06
102,102,SZA,Love Language,track,SOS,23,2022-12-09
103,103,Hailey Whitters,Everything She Ain’t,track,Raised,17,2022-03-18
104,104,ROSALÍA,DESPECHÁ,track,MOTOMAMI +,24,2022-09-09
105,105,Noah Kahan,She Calls Me Back,track,Stick Season,14,2022-10-14
106,106,Billie Eilish,The 30th,track,Guitar Songs,2,2022-07-21
107,107,Hotel Ugly,I Think I Left the Stove On,track,I Think I Left the Stove On,1,2022-07-14
108,108,Ethel Cain,American Teenager,track,Preacher’s Daughter,13,2022-05-12
109,109,David Kushner,Mr. Forgettable,track,Footprints I Found,7,2022-09-16
110,110,Treaty Oak Revival,Stay Tuned,track,Stay Tuned,1,2022-04-01
111,111,Drake,Privileged Rappers,track,Her Loss,16,2022-11-04
112,112,Noah Kahan,Growing Sideways,track,Stick Season,14,2022-10-14
113,113,NewJeans,Attention,track,NewJeans 1st EP 'New Jeans',4,2022-08-01
114,114,Marshmello,Numb,track,Numb,1,2022-06-10
115,115,Harry Styles,Satellite,track,Harry's House,13,2022-05-20
116,116,Taylor Swift,Maroon,track,Midnights,13,2022-10-21
117,117,Sabrina Carpenter,emails i can’t send,track,emails i can't send,13,2022-07-15
118,118,Tate McRae,uh oh,track,uh oh,1,2022-09-30
119,119,Benson Boone,In The Stars,track,In The Stars,1,2022-04-29
120,120,Riton,Fake ID (Coke & Rum Remix),track,Fake ID (Coke & Rum Remix),1,2022-12-15
121,121,JIN,The Astronaut,track,The Astronaut,1,2022-10-28
122,122,Post Malone,Cooped Up / Return Of The Mack,track,Cooped Up / Return Of The Mack,1,2022-10-21
123,123,Conan Gray,The Exit,track,Superache,12,2022-06-24
124,124,Swedish House Mafia,Heaven Takes You Home (feat. Connie Constance),track,Paradise Again,17,2022-04-15
125,125,Kylie Morgan,If He Wanted To He Would,track,P.S.,7,2022-07-01
126,126,Matt Hansen,better off without me,track,better off without me,1,2022-03-04
127,127,SZA,I Hate U,track,SOS,23,2022-12-09
128,128,Harry Styles,Little Freak,track,Harry's House,13,2022-05-20
129,129,Sabrina Carpenter,Vicious,track,emails i can't send,13,2022-07-15
130,130,Shaboozey,Tall Boy,track,"Cowboys Live Forever, Outlaws Never Die",14,2022-10-07
131,131,Harry Styles,Keep Driving,track,Harry's House,13,2022-05-20
132,132,Alesso,Words (feat. Zara Larsson),track,Words (feat. Zara Larsson),1,2022-04-22
133,133,Taylor Swift,Mastermind,track,Midnights,13,2022-10-21
134,134,Connor Price,SPLAT,track,SPLAT,1,2022-05-20
135,135,Kenshi Yonezu,KICK BACK,track,KICK BACK,1,2022-10-12
136,136,Sadie Jean,Locksmith,track,Locksmith,1,2022-10-07
137,137,The Weeknd,Less Than Zero,track,Dawn FM,16,2022-01-06
138,138,Sabrina Carpenter,Already Over,track,emails i can't send,13,2022-07-15
139,139,Sabrina Carpenter,Fast Times,track,emails i can't send,13,2022-07-15
140,140,mgk,maybe (feat. Bring Me The Horizon),track,mainstream sellout,16,2022-03-25
141,141,Drake,Circo Loco,track,Her Loss,16,2022-11-04
142,142,Imanbek,Belly Dancer,track,Belly Dancer,1,2022-02-18
143,143,Imagine Dragons,Bones,track,Bones,1,2022-03-11
144,144,Drake,Sticky,track,"Honestly, Nevermind",14,2022-06-17
145,145,Manuel Turizo,La Bachata,track,La Bachata,1,2022-05-26
146,146,Tyler Hubbard,5 Foot 9,track,5 Foot 9,1,2022-05-20
147,147,Feid,Ferxxo 100,track,FELIZ CUMPLEAÑOS FERXXO TE PIRATEAMOS EL ÁLBUM,15,2022-09-14
148,148,Alec Benjamin,Devil Doesn’t Bargain,track,(Un)Commentary,13,2022-04-15
149,149,Megan Moroney,Tennessee Orange,track,Tennessee Orange,1,2022-09-02
150,150,Ethel Cain,Strangers,track,Preacher’s Daughter,13,2022-05-12
151,151,Big Thief,Simulation Swarm,track,Dragon New Warm Mountain I Believe In You,20,2022-02-11
152,152,Bryan Martin,More Than The Shine,track,Self Inflicted Scars,12,2022-04-29
153,153,Dean Lewis,How Do I Say Goodbye,track,The Hardest Love,10,2022-11-04
154,154,Macabre Plaza,A Bird's Last Look,track,Out With the Old in With the Taboo,5,2022-04-21
155,155,Pharrell Williams,Cash In Cash Out,track,Cash In Cash Out,1,2022-06-10
156,156,SZA,Seek & Destroy,track,SOS,23,2022-12-09
157,157,Ray LaMontagne,I Was Born To Love You,track,I Was Born To Love You,1,2022-08-04
158,158,Harry Styles,Daylight,track,Harry's House,13,2022-05-20
159,159,James Hype,Ferrari,track,Ferrari,1,2022-04-01
160,160,Tiësto,10:35,track,10:35,1,2022-11-03
161,161,Tate McRae,feel like shit,track,i used to think i could fly,13,2022-05-27
162,162,JID,Dance Now (feat. Kenny Mason),track,The Forever Story (Extended Version),16,2022-10-31
163,163,David Kushner,Burn,track,Footprints I Found,7,2022-09-16
164,164,Nicki Minaj,Super Freaky Girl,track,Queen Radio: Volume 1,28,2022-08-26
165,165,PinkPantheress,Boy's a Liar,track,Boy's a liar,2,2022-11-30
166,166,Dove Cameron,Boyfriend,track,Boyfriend,1,2022-02-11
167,167,Benson Boone,ROOM FOR 2,track,ROOM FOR 2,1,2022-02-18
168,168,Noah Kahan,Strawberry Wine,track,Stick Season,14,2022-10-14
169,169,Orion Sun,dirty dancer,track,dirty dancer,1,2022-02-08
170,170,NewJeans,Hurt,track,NewJeans 1st EP 'New Jeans',4,2022-08-01
171,171,charlieonnafriday,After Hours,track,ONNAFRIDAY,8,2022-04-29
172,172,Rex Orange County,THE SHADE,track,WHO CARES?,11,2022-03-11
173,173,Harry Styles,Music For a Sushi Restaurant,track,Harry's House,13,2022-05-20
174,174,Chri$tian Gate$,Dangerous State of Mind,track,Dangerous State of Mind,1,2022-07-08
175,175,beabadoobee,Sunny day,track,Beatopia,14,2022-07-15
176,176,Stray Kids,MANIAC,track,ODDINARY,7,2022-03-18
177,177,Kyle Hume,Fine,track,Fine,1,2022-09-16
178,178,Russ,HANDSOMER (Remix) (Feat. Ktlyn),track,HANDSOMER (Remix) (Feat. Ktlyn),1,2022-03-09
179,179,Cigarettes After Sex,Pistol,track,Pistol,1,2022-11-15
180,180,Drake,Jumbotron Shit Poppin,track,Her Loss,16,2022-11-04
181,181,SZA,2AM,track,Ctrl (Deluxe),21,2022-06-09
182,182,David Kushner,Miserable Man,track,Footprints I Found,7,2022-09-16
183,183,Memphis May Fire,Misery,track,Remade In Misery,11,2022-06-03
184,184,Sabrina Carpenter,Tornado Warnings,track,emails i can't send,13,2022-07-15
185,185,Nicki Minaj,Super Freaky Girl,track,Super Freaky Girl,1,2022-08-12
186,186,David Guetta,Crazy What Love Can Do,track,Crazy What Love Can Do,1,2022-04-08
187,187,Drake,Major Distribution,track,Her Loss,16,2022-11-04
188,188,JVKE,this is what heartbreak feels like,track,this is what ____ feels like (Vol. 1-4),12,2022-09-23
189,189,Ryan Mack,Wish You the Worst,track,Wish You the Worst,1,2022-05-18
190,190,Felix Jaehn,Call It Love,track,Call It Love,1,2022-09-16
191,191,SZA,Far,track,SOS,23,2022-12-09
192,192,We Came As Romans,Black Hole,track,Darkbloom,10,2022-10-14
193,193,Dean Lewis,How Do I Say Goodbye,track,How Do I Say Goodbye,1,2022-08-31
194,194,SZA,F2F,track,SOS,23,2022-12-09
195,195,NewJeans,Cookie,track,NewJeans 1st EP 'New Jeans',4,2022-08-01
196,196,Nate Smith,Whiskey On You,track,Whiskey On You,1,2022-05-06
197,197,Emei,Better People To Leave On Read,track,Better People To Leave On Read,1,2022-01-26
198,198,Lil Wayne,Twist Made Me,track,Sorry 4 The Wait,16,2022-01-14
199,199,Nessa Barrett,die first,track,young forever,13,2022-10-14
200,200,Noah Kahan,Stick Season,track,Stick Season,1,2022-07-08
201,201,Drake,Broke Boys,track,Her Loss,16,2022-11-04
202,202,Charlie Puth,Left and Right (Feat. Jung Kook of BTS),track,CHARLIE,12,2022-10-06
203,203,LECADE,Painkillers,track,Painkillers,1,2022-12-02
204,204,Sean Paul,I'm Still in Love with You (feat. Sasha),track,Dutty Rock (20th Anniversary),21,2022-11-11
205,205,Leith Ross,We'll Never Have Sex,track,We'll Never Have Sex,1,2022-03-25
206,206,Omar Apollo,Invincible (feat. Daniel Caesar),track,Ivory,16,2022-04-08
207,207,Post Malone,One Right Now (with The Weeknd),track,Twelve Carat Toothache,14,2022-06-03
208,208,Imagine Dragons,Sharks,track,Mercury - Acts 1 & 2,32,2022-07-01
209,209,Taylor Swift,"Would've, Could've, Should've",track,Midnights (3am Edition),20,2022-10-22
210,210,Lizzo,About Damn Time,track,Special,12,2022-07-15
211,211,Harry Styles,Love Of My Life,track,Harry's House,13,2022-05-20
212,212,LE SSERAFIM,Sour Grapes,track,FEARLESS,5,2022-05-02
213,213,Shaboozey,All Men Die (Freestyle),track,"Cowboys Live Forever, Outlaws Never Die",14,2022-10-07
214,214,Marshmello,Bye Bye,track,Bye Bye,1,2022-10-14
215,215,BTS,Run BTS,track,Proof,35,2022-06-10
216,216,d4vd,Take Me To The Sun,track,Take Me To The Sun,1,2022-05-09
217,217,Lainey Wilson,Atta Girl,track,Bell Bottom Country,16,2022-11-28
218,218,Noah Kahan,Come Over,track,Stick Season,14,2022-10-14
219,219,Tate McRae,chaotic,track,i used to think i could fly,13,2022-05-27
220,220,SZA,Used (feat. Don Toliver),track,SOS,23,2022-12-09
221,221,Vwillz,Falling Slowly,track,Falling Slowly,1,2022-02-25
222,222,SZA,Gone Girl,track,SOS,23,2022-12-09
223,223,Taylor Swift,The Great War,track,Midnights (3am Edition),20,2022-10-22
224,224,Chandler Leighton,When You Say My Name,track,When You Say My Name,1,2022-03-10
225,225,Lizzy McAlpine,hate to be lame,track,five seconds flat,14,2022-04-08
226,226,MUNA,Silk Chiffon,track,MUNA,11,2022-06-24
227,227,Nathan Dawe,21 Reasons (feat. Ella Henderson),track,21 Reasons (feat. Ella Henderson),1,2022-04-29
228,228,Matt Schuster,Vienna,track,Vienna,1,2022-04-04
229,229,BTS,Butter,track,Proof,35,2022-06-10
230,230,BLACKPINK,Pink Venom,track,BORN PINK,8,2022-09-15
231,231,Post Malone,Wrapped Around Your Finger,track,Twelve Carat Toothache,14,2022-06-03
232,232,The Weeknd,Sacrifice,track,Dawn FM,16,2022-01-06
233,233,Koe Wetzel,Cabo,track,Hell Paso,13,2022-09-16
234,234,Lil Wayne,Sorry 4 The Wait,track,Sorry 4 The Wait,16,2022-01-14
235,235,ROSALÍA,LA FAMA,track,MOTOMAMI,16,2022-03-18
236,236,Tyler Hubbard,Dancin’ In The Country,track,Dancin' In The Country,6,2022-08-19
237,237,Mau y Ricky,Llorar y Llorar - con Carin Leon,track,Llorar y Llorar (con Carin Leon),1,2022-05-31
238,238,Lainey Wilson,Weak-End,track,Bell Bottom Country,16,2022-11-28
239,239,Vance Joy,Missing Piece,track,In Our Own Sweet Time,12,2022-06-10
240,240,Sub Urban,INFERNO,track,HIVE,10,2022-06-03
241,241,The Weeknd,Take My Breath,track,Dawn FM,16,2022-01-06
242,242,NAYEON,POP!,track,IM NAYEON,7,2022-06-24
243,243,beabadoobee,You’re here that’s the thing,track,Beatopia,14,2022-07-15
244,244,Charlie Puth,Light Switch,track,CHARLIE,12,2022-10-06
245,245,Jack Harlow,Churchill Downs (feat. Drake),track,Come Home The Kids Miss You,15,2022-05-06
246,246,Danny Ocean,Fuera del mercado,track,@dannocean,16,2022-02-17
247,247,Lainey Wilson,Wildflowers and Wild Horses,track,Bell Bottom Country,16,2022-11-28
248,248,SZA,Used (feat. Don Toliver),track,SOS,23,2022-12-08
249,249,Koe Wetzel,Creeps,track,Hell Paso,13,2022-09-16
250,250,Genevieve Stokes,Habits,track,Habits - Demo,2,2022-09-16
251,251,Rauw Alejandro,MUSEO,track,TRAP CAKE VOL. 2,9,2022-02-25
252,252,Harry Styles,Grapejuice,track,Harry's House,13,2022-05-20
253,253,RAYE,Escapism. - Sped Up,track,Escapism.,4,2022-12-07
254,254,RAYE,Escapism.,track,Escapism.,4,2022-12-07
255,255,Sebastian Yatra,Pareja Del Año,track,Dharma,17,2022-01-28
256,256,Shaboozey,Beverly Hills,track,"Cowboys Live Forever, Outlaws Never Die",14,2022-10-07
257,257,IVE,After LIKE,track,After LIKE,2,2022-08-22
258,258,Feid,Prohibidox,track,FELIZ CUMPLEAÑOS FERXXO TE PIRATEAMOS EL ÁLBUM,15,2022-09-14
259,259,Sabrina Carpenter,decode,track,emails i can't send,13,2022-07-15
260,260,Beyoncé,BREAK MY SOUL,track,RENAISSANCE,16,2022-07-29
261,261,Drake,More M’s,track,Her Loss,16,2022-11-04
262,262,Beyoncé,ALIEN SUPERSTAR,track,RENAISSANCE,16,2022-07-29
263,263,Taylor Swift,Snow On The Beach (feat. Lana Del Rey),track,Midnights,13,2022-10-21
264,264,Gucci Mane,Rumors (feat. Lil Durk),track,So Icy Gang: The ReUp,32,2022-06-17
265,265,SZA,SOS,track,SOS,23,2022-12-09
266,266,mgk,ay! (feat. Lil Wayne),track,mainstream sellout,16,2022-03-25
267,267,BLACKPINK,Typa Girl,track,BORN PINK,8,2022-09-16
268,268,Jeremih,All The Time (feat. Lil Wayne & Natasha Mosley),track,Late Nights With Jeremih,16,2022-03-11
269,269,Shawn Mendes,When You're Gone,track,When You're Gone,1,2022-03-31
270,270,The Weeknd,Gasoline,track,Dawn FM,16,2022-01-06
271,271,Beyoncé,ENERGY (feat. Beam),track,RENAISSANCE,16,2022-07-29
272,272,BLACKPINK,Shut Down,track,BORN PINK,8,2022-09-15
273,273,Becky G,MAMIII,track,MAMIII,1,2022-02-10
274,274,Ethel Cain,Sun Bleached Flies,track,Preacher’s Daughter,13,2022-05-12
275,275,charlieonnafriday,Enough,track,Enough,2,2022-08-05
276,276,Stray Kids,CASE 143,track,MAXIDENT,8,2022-10-07
277,277,Nessa Barrett,dying on the inside,track,dying on the inside,1,2022-02-25
278,278,Alex Warren,Chasing Shadows,track,Chasing Shadows,2,2022-12-02
279,279,SZA,Shirt,track,Shirt,1,2022-10-28
280,280,The 1975,I'm In Love With You,track,Being Funny In A Foreign Language,11,2022-10-14
281,281,ENHYPEN,Polaroid Love,track,DIMENSION : ANSWER,11,2022-01-10
282,282,Paris Paloma,It's Called: Freefall,track,It's Called: Freefall,1,2022-07-22
283,283,IVE,LOVE DIVE,track,LOVE DIVE,2,2022-04-05
284,284,Corey Kent,Wild as Her,track,Wild as Her,1,2022-03-04
285,285,SZA,Conceited,track,SOS,23,2022-12-09
286,286,SZA,Notice Me,track,SOS,23,2022-12-09
287,287,SZA,Smoking on my Ex Pack,track,SOS,23,2022-12-09
288,288,Kid Cudi,love.,track,The Boy Who Flew To The Moon (Vol. 1),18,2022-07-08
289,289,Dylan Conrique,birthday cake,track,birthday cake,1,2022-02-02
290,290,Beyoncé,AMERICA HAS A PROBLEM,track,RENAISSANCE,16,2022-07-29
291,291,Megan Moroney,Hair Salon,track,Pistol Made of Roses,6,2022-07-15
292,292,VOILÀ,Drinking with Cupid,track,Happy Never After,21,2022-10-07
293,293,girl in red,October Passed Me By,track,October Passed Me By,1,2022-10-14
294,294,Lil Durk,What Happened To Virgil (feat. Gunna),track,7220,17,2022-03-11
295,295,Harry Styles,Daydreaming,track,Harry's House,13,2022-05-20
296,296,Drake,Massive,track,"Honestly, Nevermind",14,2022-06-17
297,297,Ryan Mack,Forever and Ever and Always,track,Forever and Ever and Always,1,2022-12-02
298,298,Harry Styles,Cinema,track,Harry's House,13,2022-05-20
299,299,Imagine Dragons,Follow You,track,Mercury - Acts 1 & 2,32,2022-07-01
300,300,Alicia Keys,Trillions (feat. Brent Faiyaz),track,KEYS II,30,2022-08-12
301,301,Drake,I Guess It’s Fuck Me,track,Her Loss,16,2022-11-04
302,302,Ryan Mack,Only Human,track,Only Human,1,2022-02-15
303,303,Romeo Santos,Solo Conmigo,track,"Fórmula, Vol. 3",21,2022-09-01
304,304,Zach Top,In a World Gone Wrong,track,Zach Top,8,2022-05-13
305,305,Tory Lanez,Sorry 4 What? // LV BELT,track,Sorry 4 What,20,2022-09-30
306,306,Megan Thee Stallion,Sweetest Pie,track,Sweetest Pie,1,2022-03-11
307,307,Camila Cabello,Bam Bam (feat. Ed Sheeran),track,Familia,12,2022-04-07
308,308,Drake,BackOutsideBoyz,track,Her Loss,16,2022-11-04
309,309,George Ezra,Green Green Grass,track,Gold Rush Kid,12,2022-06-10
310,310,Sabrina Carpenter,bet u wanna,track,emails i can't send,13,2022-07-15
311,311,JID,Raydar,track,The Forever Story (Extended Version),16,2022-10-31
312,312,Stephen Dawes,Teenage Dream,track,Teenage Dream,2,2022-06-02
313,313,DaBaby,Bestie,track,BETTER THAN YOU,12,2022-03-04
314,314,Gucci Mane,Rumors (feat. Lil Durk),track,Rumors (feat. Lil Durk),1,2022-01-25
315,315,Taylor Swift,Question...?,track,Midnights,13,2022-10-21
316,316,Bailey Zimmerman,Never Leave,track,Leave The Light On,9,2022-10-14
317,317,Megan Thee Stallion,Sweetest Pie,track,Traumazine,18,2022-08-12
318,318,A Day To Remember,Miracle,track,Miracle,1,2022-07-21
319,319,Taylor Swift,Paris,track,Midnights (3am Edition),20,2022-10-22
320,320,Hueston,Joy Ride,track,Joy Ride,1,2022-11-07
321,321,Emei,That Girl,track,That Girl,1,2022-07-13
322,322,Beyoncé,HEATED,track,RENAISSANCE,16,2022-07-29
323,323,Matisse,Como Lo Hice Yo,track,Así de Enamorados,8,2022-05-27
324,324,(G)I-DLE,TOMBOY,track,I NEVER DIE,8,2022-03-14
325,325,Jay Webb,Yee-Haw,track,Yee-Haw,1,2022-05-06
326,326,Jax Jones,Where Did You Go? (feat. MNEK),track,Where Did You Go (feat. MNEK),1,2022-02-04
327,327,Jackson Dean,Don't Come Lookin',track,Greenbroke,10,2022-03-11
328,328,Diddy,I'll Be Missing You,track,BAD BOY CELEBRATES DIDDY: The Artist,16,2022-06-24
329,329,(G)I-DLE,Nxde,track,I love,6,2022-10-17
330,330,Charli xcx,Good Ones,track,CRASH,12,2022-03-18
331,331,Ethel Cain,A House In Nebraska,track,Preacher’s Daughter,13,2022-05-12
332,332,beabadoobee,Talk,track,Beatopia,14,2022-07-15
333,333,Wild Rivers,Neon Stars,track,Sidelines,10,2022-02-04
334,334,Lauren Spencer Smith,Flowers,track,Flowers,1,2022-04-14
335,335,Meghan Trainor,Bad For Me (feat. Teddy Swims),track,Takin' It Back,16,2022-10-21
336,336,Lojay,Monalisa,track,Monalisa,1,2022-05-19
337,337,Taylor Swift,This Love (Taylor’s Version),track,This Love (Taylor’s Version),2,2022-05-06
338,338,Taylor Swift,"Would've, Could've, Should've",track,Midnights (3am Edition),20,2022-10-21
339,339,Josh Ross,On A Different Night,track,On A Different Night,1,2022-07-15
340,340,Swedish House Mafia,Moth To A Flame (with The Weeknd),track,Moth To A Flame,2,2022-01-03
341,341,Camila Cabello,Bam Bam (feat. Ed Sheeran),track,Bam Bam (feat. Ed Sheeran),1,2022-03-04
342,342,Sebastian Yatra,Tacones Rojos,track,Dharma,17,2022-01-28
343,343,Warren Zeiders,Dark Night - 717 Tapes,track,717 Tapes the Album,15,2022-09-30
344,344,Jax,Victoria's Secret,track,Victoria’s Secret,2,2022-06-30
345,345,Rex Orange County,AMAZING,track,WHO CARES?,11,2022-03-11
346,346,Charlie Puth,Left and Right (Feat. Jung Kook of BTS),track,Left and Right (Feat. Jung Kook of BTS),1,2022-06-24
347,347,Lizzy McAlpine,reckless driving,track,five seconds flat,14,2022-04-08
348,348,AURORA,Cure For Me,track,The Gods We Can Touch,15,2022-01-21
349,349,Riley Green,I Hope She's Drinkin' Tonight,track,I Hope She’s Drinkin' Tonight / Get Back Home,2,2022-07-22
350,350,JID,Kody Blu 31,track,The Forever Story (Extended Version),16,2022-10-31
351,351,Charli xcx,Hot Girl (Bodies Bodies Bodies),track,Hot Girl (Bodies Bodies Bodies),1,2022-07-27
352,352,Beyoncé,I'M THAT GIRL,track,RENAISSANCE,16,2022-07-29
353,353,Parker McCollum,Handle On You,track,Handle On You,1,2022-08-05
354,354,Taylor Swift,Mastermind,track,Midnights (3am Edition),20,2022-10-22
355,355,mazie,dumb dumb - sped up,track,the rainbow cassette (bonus),9,2022-09-28
356,356,SEVENTEEN,HOT,track,SEVENTEEN 4th Album 'Face the Sun',9,2022-05-27
357,357,Kim Petras,XXX,track,Slut Pop,7,2022-02-11
358,358,Dove Cameron,Breakfast,track,Breakfast,1,2022-06-24
359,359,Kameron Marlowe,Girl On Fire,track,We Were Cowboys,16,2022-08-26
360,360,Tyga,Sunshine,track,Sunshine,1,2022-08-12
361,361,mgk,roll the windows up,track,lockdown sessions,3,2022-03-02
362,362,JID,Stars (feat. Yasiin Bey),track,The Forever Story (Extended Version),16,2022-10-31
363,363,Conan Gray,Disaster,track,Superache,12,2022-06-24
364,364,Jamie Miller,It Is What It Is,track,Broken Memories,6,2022-04-29
365,365,Kate Bollinger,Yards / Gardens,track,Look at it in the Light,6,2022-04-22
366,366,Drake,Flight's Booked,track,"Honestly, Nevermind",14,2022-06-17
367,367,Stellar,Stranger,track,Stranger,1,2022-09-02
368,368,Dreamville,Stick (with JID & J. Cole feat. Kenny Mason & Sheck Wes),track,D-Day: A Gangsta Grillz Mixtape,15,2022-03-31
369,369,Hailee Steinfeld,Coast (feat. Anderson .Paak),track,Coast,1,2022-07-29
370,370,Imagine Dragons,Sharks,track,Sharks,1,2022-06-24
371,371,Taylor Swift,High Infidelity,track,Midnights (3am Edition),20,2022-10-22
372,372,Orion Sun,intro,track,Getaway,6,2022-03-11
373,373,Chase McDaniel,Project,track,Project,1,2022-05-27
374,374,Kameron Marlowe,Giving You Up,track,We Were Cowboys,16,2022-08-26
375,375,PinkPantheress,Picture in My Mind,track,Picture in my mind,1,2022-08-10
376,376,Lizzo,2 Be Loved (Am I Ready),track,Special,12,2022-07-14
377,377,Burna Boy,Last Last,track,"Love, Damini",19,2022-07-06
378,378,TWICE,Talk that Talk,track,BETWEEN 1&2,7,2022-08-26
379,379,Tate McRae,don't come back,track,i used to think i could fly,13,2022-05-27
380,380,Taylor Swift,Karma,track,Midnights (3am Edition),20,2022-10-22
381,381,Sean Stemaly,Z71,track,Product Of A Small Town,14,2022-02-18
382,382,Rema,Calm Down,track,Calm Down,2,2022-02-10
383,383,mgk,pretty toxic revolver,track,lockdown sessions,3,2022-03-02
384,384,beabadoobee,Lovesong,track,Beatopia,14,2022-07-15
385,385,Florence + The Machine,Free,track,Dance Fever,14,2022-05-13
386,386,The 1975,Oh Caroline,track,Being Funny In A Foreign Language,11,2022-10-14
387,387,Drake,Middle of the Ocean,track,Her Loss,16,2022-11-04
388,388,Shakira,Te Felicito,track,Te Felicito,1,2022-04-21
389,389,mgk,make up sex (feat. blackbear),track,mainstream sellout,16,2022-03-25
390,390,ATEEZ,HALAZIA,track,SPIN OFF : FROM THE WITNESS,5,2022-12-30
391,391,Beyoncé,VIRGO'S GROOVE,track,RENAISSANCE,16,2022-07-29
392,392,Ado,Usseewa,track,Kyougen,14,2022-01-26
393,393,The Red Clay Strays,Moment of Truth,track,Moment of Truth,12,2022-04-29
394,394,salem ilese,Mad at Disney,track,(MORE) Unsponsored Content,15,2022-10-07
395,395,Beyoncé,COZY,track,RENAISSANCE,16,2022-07-29
396,396,Joji,Feeling Like The End,track,SMITHEREENS,9,2022-11-04
397,397,Ian Munsick,Cowboy Killer,track,Cowboy Killer,1,2022-02-25
398,398,Taylor Swift,Dear Reader,track,Midnights (3am Edition),20,2022-10-22
399,399,Vince Guaraldi,The Great Pumpkin Waltz,track,"It's The Great Pumpkin, Charlie Brown (Original Soundtrack Recording)",24,2022-08-26
400,400,Shakira,Monotonía,track,Monotonía,1,2022-10-19
401,401,Conner Smith,Take It Slow,track,Didn't Go Too Far (Behind The Songs),12,2022-01-14
402,402,SZA,Love Galore (Alt Version),track,Ctrl (Deluxe),21,2022-06-09
403,403,Diplo,Wish,track,Wish (Sped Up),3,2022-02-04
404,404,Benson Boone,Let Me Go,track,Walk Me Home...,8,2022-07-29
405,405,Charli xcx,Yuck,track,CRASH,12,2022-03-18
406,406,Bryan Martin,Beauty in the Struggle,track,Self Inflicted Scars,12,2022-04-29
407,407,Megan Thee Stallion,Plan B,track,Plan B,1,2022-04-22
408,408,Post Malone,Cooped Up (with Roddy Ricch),track,Twelve Carat Toothache,14,2022-06-03
409,409,Piso 21,Los Cachos,track,777,16,2022-10-13
410,410,SZA,Forgiveless (feat. Ol' Dirty Bastard),track,SOS,23,2022-12-09
411,411,Ethel Cain,Ptolemaea,track,Preacher’s Daughter,13,2022-05-12
412,412,JVKE,this is what heartbreak feels like,track,this is what heartbreak feels like (432Hz),3,2022-10-04
413,413,Sam Barber,As Time Passes,track,As Time Passes,1,2022-12-15
414,414,Imagine Dragons,Wrecked,track,Mercury - Acts 1 & 2,32,2022-07-01
415,415,Zach Top,I Don't Mind,track,Zach Top,8,2022-05-13
416,416,Tate McRae,what would you do?,track,i used to think i could fly,13,2022-05-27
417,417,Lainey Wilson,Smell Like Smoke,track,Bell Bottom Country,16,2022-11-28
418,418,Taylor Swift,Maroon,track,Midnights (3am Edition),20,2022-10-22
419,419,David Guetta,Satisfaction,track,Satisfaction,1,2022-08-12
420,420,MOTO BANDIT,DAYLIGHT DOOM,track,DAYLIGHT DOOM,1,2022-02-15
421,421,Nelly,Grillz,track,Still Hot In Herre,17,2022-10-14
422,422,Tokyo Tea Room,If You Love Her,track,If You Love Her,1,2022-11-09
423,423,Stray Kids,Charmer,track,ODDINARY,7,2022-03-18
424,424,SZA,Too Late,track,SOS,23,2022-12-09
425,425,Tate McRae,what's your problem?,track,i used to think i could fly,13,2022-05-27
426,426,Drake,Treacherous Twins,track,Her Loss,16,2022-11-04
427,427,Joji,YUKON (INTERLUDE),track,SMITHEREENS,9,2022-11-04
428,428,ROSALÍA,DESPECHÁ,track,DESPECHÁ,1,2022-07-28
429,429,Jackson Dean,Fearless,track,Greenbroke,10,2022-03-11
430,430,TOMORROW X TOGETHER,Good Boy Gone Bad,track,minisode 2: Thursday's Child,5,2022-05-09
431,431,ATEEZ,Guerrilla,track,THE WORLD EP.1 : MOVEMENT,7,2022-07-29
432,432,Sabrina Carpenter,Bad for Business,track,emails i can't send,13,2022-07-15
433,433,Taylor Swift,Glitch,track,Midnights (3am Edition),20,2022-10-22
434,434,Loud Luxury,These Nights,track,These Nights,1,2022-07-08
435,435,Ha*Ash,Supongo Que Lo Sabes,track,Haashtag,11,2022-09-02
436,436,Burna Boy,Last Last,track,"Love, Damini",19,2022-07-07
437,437,Omar Apollo,Endlessly,track,Ivory (Marfil),21,2022-08-12
438,438,Kid Cudi,The Prayer,track,A Kid Named Cudi,16,2022-07-15
439,439,Beyoncé,PURE/HONEY,track,RENAISSANCE,16,2022-07-29
440,440,Stand Atlantic,"deathwish (feat. nothing,nowhere.)",track,f.e.a.r.,14,2022-05-06
441,441,PinkPantheress,Take Me Home,track,Take me home,3,2022-12-16
442,442,VOILÀ,Therapy,track,Happy Never After,21,2022-10-07
443,443,Shwayze,Too Late (with Jared Watson of Dirty Heads),track,Shway SZN,12,2022-09-02
444,444,Stellar,Masquerade,track,Masquerade,1,2022-01-28
445,445,The Weeknd,How Do I Make You Love Me?,track,Dawn FM,16,2022-01-06
446,446,Noah Kahan,Halloween,track,Stick Season,14,2022-10-14
447,447,NMIXX,DICE,track,ENTWURF,4,2022-09-19
448,448,Bailey Zimmerman,House On Fire,track,Leave The Light On,9,2022-10-14
449,449,DaBaby,Neighborhood Superstar,track,BETTER THAN YOU,12,2022-03-04
450,450,Taylor Swift,"You're On Your Own, Kid",track,Midnights (3am Edition),20,2022-10-22
451,451,The Lumineers,WHERE WE ARE,track,BRIGHTSIDE,9,2022-01-14
452,452,Ski Mask The Slump God,OOGA BOOGA!,track,OOGA BOOGA!,1,2022-10-25
453,453,MEDUZA,Bad Memories (feat. Elley Duhé & FAST BOY),track,Bad Memories (feat. Elley Duhé & FAST BOY),1,2022-07-22
454,454,Lady Gaga,Hold My Hand,track,"Hold My Hand (Music From The Motion Picture ""Top Gun: Maverick"")",1,2022-05-03
455,455,Big Thief,Change,track,Dragon New Warm Mountain I Believe In You,20,2022-02-11
456,456,d4vd,Dirty Secrets,track,Dirty Secrets,1,2022-04-27
457,457,ENHYPEN,Future Perfect (Pass the MIC),track,MANIFESTO : DAY 1,6,2022-07-04
458,458,Huey Mack,Carry Me Home (feat. Charles Wesley Godwin),track,The Cozy Bar,14,2022-10-21
459,459,Fireboy DML,Peru,track,Playboy,14,2022-08-04
460,460,Post Malone,Waiting For Never,track,Twelve Carat Toothache (Deluxe),16,2022-06-07
461,461,Drake,A Keeper,track,"Honestly, Nevermind",14,2022-06-17
462,462,Izzamuzzic,Shootout,track,Shootout,1,2022-06-30
463,463,Yuridia,¿Y Qué Tal Si Funciona?,track,Pa' Luego Es Tarde,14,2022-10-20
464,464,Connor Price,Chatter,track,Chatter,1,2022-12-02
465,465,Fujii Kaze,Matsuri,track,LOVE ALL SERVE ALL,11,2022-03-23
466,466,Tyga,Freaky Deaky,track,Freaky Deaky,1,2022-02-25
467,467,beabadoobee,10:36,track,Beatopia,14,2022-07-15
468,468,Josh Ross,First Taste of Gone,track,First Taste of Gone,1,2022-02-11
469,469,BLACKPINK,Shut Down,track,BORN PINK,8,2022-09-16
470,470,Rauw Alejandro,LOKERA,track,LOKERA,1,2022-07-25
471,471,Conan Gray,Yours,track,Superache,12,2022-06-24
472,472,Fireboy DML,Bandana,track,Playboy,14,2022-08-04
473,473,Oxlade,KU LO SA - A COLORS SHOW,track,KU LO SA - A COLORS SHOW,1,2022-06-10
474,474,Taylor Swift,Bejeweled,track,Midnights (3am Edition),20,2022-10-22
475,475,Río Roma,Tú Me Gustas,track,Tú Me Gustas,1,2022-03-04
476,476,Ashley Cooke,never til now,track,Already Drank That Beer,9,2022-04-01
477,477,Memphis May Fire,Make Believe,track,Make Believe,7,2022-02-18
478,478,Muscadine Bloodline,Dyin' For a Livin',track,Dispatch to 16th Ave.,9,2022-02-04
479,479,The Maine,Loved You A Little (with Taking Back Sunday and Charlotte Sands),track,Loved You A Little (with Taking Back Sunday and Charlotte Sands),1,2022-01-20
480,480,Tom Odell,Best Day Of My Life,track,Best Day of My Life,12,2022-10-28
481,481,Kidd G,People Talk,track,People Talk,1,2022-04-15
482,482,Cordae,Super,track,From a Birds Eye View,14,2022-01-14
483,483,Post Malone,Wasting Angels (with The Kid LAROI),track,Twelve Carat Toothache,14,2022-06-03
484,484,Stray Kids,"TASTE (Lee Know, Hyunjin, Felix)",track,MAXIDENT,8,2022-10-07
485,485,Beyoncé,MOVE (feat. Grace Jones & Tems),track,RENAISSANCE,16,2022-07-29
486,486,GRAHAM,Mad It's My Fault,track,Mad It's My Fault,1,2022-07-08
487,487,Chase Matthew,Can't Hide Love,track,Born for This,12,2022-02-11
488,488,Benson Boone,Work of Art,track,Walk Me Home...,8,2022-07-29
489,489,Dylan Schneider,Ain't Missin' You,track,Ain't Missin' You,1,2022-09-16
490,490,LE SSERAFIM,ANTIFRAGILE,track,ANTIFRAGILE,5,2022-10-17
491,491,Porter Robinson,Everything Goes On,track,Everything Goes On,1,2022-07-14
492,492,LE SSERAFIM,Good Parts (when the quality is bad but I am),track,ANTIFRAGILE,5,2022-10-17
493,493,Cults,Gilded Lily - Sped Up,track,Offering,13,2022-10-26
494,494,Punctual,Do It All Again,track,Do It All Again,1,2022-02-11
495,495,Jung Kook,My You,track,My You,1,2022-06-13
496,496,BLACKPINK,Pink Venom,track,Pink Venom,1,2022-08-19
497,497,Bette Midler,One Way or Another (Hocus Pocus 2 Version),track,Hocus Pocus 2 (Original Soundtrack),28,2022-09-30
498,498,Chase Matthew,Love You Again,track,Love You Again,1,2022-12-09
499,499,Lil Durk,Mad Max,track,Lil Durk Presents: Loyal Bros 2,23,2022-12-16
500,0,Taylor Swift,"You're On Your Own, Kid",track,Midnights (3am Edition),20,2022-10-22
501,1,The Lumineers,WHERE WE ARE,track,BRIGHTSIDE,9,2022-01-14
502,2,Ski Mask The Slump God,OOGA BOOGA!,track,OOGA BOOGA!,1,2022-10-25
503,3,MEDUZA,Bad Memories (feat. Elley Duhé & FAST BOY),track,Bad Memories (feat. Elley Duhé & FAST BOY),1,2022-07-22
504,4,Lady Gaga,Hold My Hand,track,"Hold My Hand (Music From The Motion Picture ""Top Gun: Maverick"")",1,2022-05-03
505,5,Big Thief,Change,track,Dragon New Warm Mountain I Believe In You,20,2022-02-11
506,6,d4vd,Dirty Secrets,track,Dirty Secrets,1,2022-04-27
507,7,ENHYPEN,Future Perfect (Pass the MIC),track,MANIFESTO : DAY 1,6,2022-07-04
508,8,Huey Mack,Carry Me Home (feat. Charles Wesley Godwin),track,The Cozy Bar,14,2022-10-21
509,9,Fireboy DML,Peru,track,Playboy,14,2022-08-04
510,10,Post Malone,Waiting For Never,track,Twelve Carat Toothache (Deluxe),16,2022-06-07
511,11,Drake,A Keeper,track,"Honestly, Nevermind",14,2022-06-17
512,12,Izzamuzzic,Shootout,track,Shootout,1,2022-06-30
513,13,Yuridia,¿Y Qué Tal Si Funciona?,track,Pa' Luego Es Tarde,14,2022-10-20
514,14,Connor Price,Chatter,track,Chatter,1,2022-12-02
515,15,Fujii Kaze,Matsuri,track,LOVE ALL SERVE ALL,11,2022-03-23
516,16,Tyga,Freaky Deaky,track,Freaky Deaky,1,2022-02-25
517,17,beabadoobee,10:36,track,Beatopia,14,2022-07-15
518,18,Josh Ross,First Taste of Gone,track,First Taste of Gone,1,2022-02-11
519,19,BLACKPINK,Shut Down,track,BORN PINK,8,2022-09-16
520,20,Rauw Alejandro,LOKERA,track,LOKERA,1,2022-07-25
521,21,Conan Gray,Yours,track,Superache,12,2022-06-24
522,22,Fireboy DML,Bandana,track,Playboy,14,2022-08-04
523,23,Oxlade,KU LO SA - A COLORS SHOW,track,KU LO SA - A COLORS SHOW,1,2022-06-10
524,24,Taylor Swift,Bejeweled,track,Midnights (3am Edition),20,2022-10-22
525,25,Río Roma,Tú Me Gustas,track,Tú Me Gustas,1,2022-03-04
526,26,Ashley Cooke,never til now,track,Already Drank That Beer,9,2022-04-01
527,27,Memphis May Fire,Make Believe,track,Make Believe,7,2022-02-18
528,28,Muscadine Bloodline,Dyin' For a Livin',track,Dispatch to 16th Ave.,9,2022-02-04
529,29,The Maine,Loved You A Little (with Taking Back Sunday and Charlotte Sands),track,Loved You A Little (with Taking Back Sunday and Charlotte Sands),1,2022-01-20
530,30,Tom Odell,Best Day Of My Life,track,Best Day of My Life,12,2022-10-28
531,31,Kidd G,People Talk,track,People Talk,1,2022-04-15
532,32,Cordae,Super,track,From a Birds Eye View,14,2022-01-14
533,33,Post Malone,Wasting Angels (with The Kid LAROI),track,Twelve Carat Toothache,14,2022-06-03
534,34,Stray Kids,"TASTE (Lee Know, Hyunjin, Felix)",track,MAXIDENT,8,2022-10-07
535,35,Beyoncé,MOVE (feat. Grace Jones & Tems),track,RENAISSANCE,16,2022-07-29
536,36,GRAHAM,Mad It's My Fault,track,Mad It's My Fault,1,2022-07-08
537,37,Chase Matthew,Can't Hide Love,track,Born for This,12,2022-02-11
538,38,Benson Boone,Work of Art,track,Walk Me Home...,8,2022-07-29
539,39,Dylan Schneider,Ain't Missin' You,track,Ain't Missin' You,1,2022-09-16
540,40,LE SSERAFIM,ANTIFRAGILE,track,ANTIFRAGILE,5,2022-10-17
541,41,Porter Robinson,Everything Goes On,track,Everything Goes On,1,2022-07-14
542,42,LE SSERAFIM,Good Parts (when the quality is bad but I am),track,ANTIFRAGILE,5,2022-10-17
543,43,Cults,Gilded Lily - Sped Up,track,Offering,13,2022-10-26
544,44,Punctual,Do It All Again,track,Do It All Again,1,2022-02-11
545,45,Jung Kook,My You,track,My You,1,2022-06-13
546,46,BLACKPINK,Pink Venom,track,Pink Venom,1,2022-08-19
547,47,Bette Midler,One Way or Another (Hocus Pocus 2 Version),track,Hocus Pocus 2 (Original Soundtrack),28,2022-09-30
548,48,Chase Matthew,Love You Again,track,Love You Again,1,2022-12-09
549,49,Lil Durk,Mad Max,track,Lil Durk Presents: Loyal Bros 2,23,2022-12-16
550,50,Taylor Swift,"You're On Your Own, Kid",track,Midnights (3am Edition),20,2022-10-22
551,51,The Lumineers,WHERE WE ARE,track,BRIGHTSIDE,9,2022-01-14
552,52,Ski Mask The Slump God,OOGA BOOGA!,track,OOGA BOOGA!,1,2022-10-25
553,53,MEDUZA,Bad Memories (feat. Elley Duhé & FAST BOY),track,Bad Memories (feat. Elley Duhé & FAST BOY),1,2022-07-22
554,54,Lady Gaga,Hold My Hand,track,"Hold My Hand (Music From The Motion Picture ""Top Gun: Maverick"")",1,2022-05-03
555,55,Big Thief,Change,track,Dragon New Warm Mountain I Believe In You,20,2022-02-11
556,56,d4vd,Dirty Secrets,track,Dirty Secrets,1,2022-04-27
557,57,ENHYPEN,Future Perfect (Pass the MIC),track,MANIFESTO : DAY 1,6,2022-07-04
558,58,Huey Mack,Carry Me Home (feat. Charles Wesley Godwin),track,The Cozy Bar,14,2022-10-21
559,59,Fireboy DML,Peru,track,Playboy,14,2022-08-04
560,60,Post Malone,Waiting For Never,track,Twelve Carat Toothache (Deluxe),16,2022-06-07
561,61,Drake,A Keeper,track,"Honestly, Nevermind",14,2022-06-17
562,62,Izzamuzzic,Shootout,track,Shootout,1,2022-06-30
563,63,Yuridia,¿Y Qué Tal Si Funciona?,track,Pa' Luego Es Tarde,14,2022-10-20
564,64,Connor Price,Chatter,track,Chatter,1,2022-12-02
565,65,Fujii Kaze,Matsuri,track,LOVE ALL SERVE ALL,11,2022-03-23
566,66,Tyga,Freaky Deaky,track,Freaky Deaky,1,2022-02-25
567,67,beabadoobee,10:36,track,Beatopia,14,2022-07-15
568,68,Josh Ross,First Taste of Gone,track,First Taste of Gone,1,2022-02-11
569,69,BLACKPINK,Shut Down,track,BORN PINK,8,2022-09-16
570,70,Rauw Alejandro,LOKERA,track,LOKERA,1,2022-07-25
571,71,Conan Gray,Yours,track,Superache,12,2022-06-24
572,72,Fireboy DML,Bandana,track,Playboy,14,2022-08-04
573,73,Oxlade,KU LO SA - A COLORS SHOW,track,KU LO SA - A COLORS SHOW,1,2022-06-10
574,74,Taylor Swift,Bejeweled,track,Midnights (3am Edition),20,2022-10-22
575,75,Río Roma,Tú Me Gustas,track,Tú Me Gustas,1,2022-03-04
576,76,Ashley Cooke,never til now,track,Already Drank That Beer,9,2022-04-01
577,77,Memphis May Fire,Make Believe,track,Make Believe,7,2022-02-18
578,78,Muscadine Bloodline,Dyin' For a Livin',track,Dispatch to 16th Ave.,9,2022-02-04
579,79,The Maine,Loved You A Little (with Taking Back Sunday and Charlotte Sands),track,Loved You A Little (with Taking Back Sunday and Charlotte Sands),1,2022-01-20
580,80,Tom Odell,Best Day Of My Life,track,Best Day of My Life,12,2022-10-28
581,81,Kidd G,People Talk,track,People Talk,1,2022-04-15
582,82,Cordae,Super,track,From a Birds Eye View,14,2022-01-14
583,83,Post Malone,Wasting Angels (with The Kid LAROI),track,Twelve Carat Toothache,14,2022-06-03
584,84,Stray Kids,"TASTE (Lee Know, Hyunjin, Felix)",track,MAXIDENT,8,2022-10-07
585,85,Beyoncé,MOVE (feat. Grace Jones & Tems),track,RENAISSANCE,16,2022-07-29
586,86,GRAHAM,Mad It's My Fault,track,Mad It's My Fault,1,2022-07-08
587,87,Chase Matthew,Can't Hide Love,track,Born for This,12,2022-02-11
588,88,Benson Boone,Work of Art,track,Walk Me Home...,8,2022-07-29
589,89,Dylan Schneider,Ain't Missin' You,track,Ain't Missin' You,1,2022-09-16
590,90,LE SSERAFIM,ANTIFRAGILE,track,ANTIFRAGILE,5,2022-10-17
591,91,Porter Robinson,Everything Goes On,track,Everything Goes On,1,2022-07-14
592,92,LE SSERAFIM,Good Parts (when the quality is bad but I am),track,ANTIFRAGILE,5,2022-10-17
593,93,Cults,Gilded Lily - Sped Up,track,Offering,13,2022-10-26
594,94,Punctual,Do It All Again,track,Do It All Again,1,2022-02-11
595,95,Jung Kook,My You,track,My You,1,2022-06-13
596,96,BLACKPINK,Pink Venom,track,Pink Venom,1,2022-08-19
597,97,Bette Midler,One Way or Another (Hocus Pocus 2 Version),track,Hocus Pocus 2 (Original Soundtrack),28,2022-09-30
598,98,Chase Matthew,Love You Again,track,Love You Again,1,2022-12-09
599,99,Lil Durk,Mad Max,track,Lil Durk Presents: Loyal Bros 2,23,2022-12-16
600,100,Taylor Swift,"You're On Your Own, Kid",track,Midnights (3am Edition),20,2022-10-22
601,101,The Lumineers,WHERE WE ARE,track,BRIGHTSIDE,9,2022-01-14
602,102,Ski Mask The Slump God,OOGA BOOGA!,track,OOGA BOOGA!,1,2022-10-25
603,103,MEDUZA,Bad Memories (feat. Elley Duhé & FAST BOY),track,Bad Memories (feat. Elley Duhé & FAST BOY),1,2022-07-22
604,104,Lady Gaga,Hold My Hand,track,"Hold My Hand (Music From The Motion Picture ""Top Gun: Maverick"")",1,2022-05-03
605,105,Big Thief,Change,track,Dragon New Warm Mountain I Believe In You,20,2022-02-11
606,106,d4vd,Dirty Secrets,track,Dirty Secrets,1,2022-04-27
607,107,ENHYPEN,Future Perfect (Pass the MIC),track,MANIFESTO : DAY 1,6,2022-07-04
608,108,Huey Mack,Carry Me Home (feat. Charles Wesley Godwin),track,The Cozy Bar,14,2022-10-21
609,109,Fireboy DML,Peru,track,Playboy,14,2022-08-04
610,110,Post Malone,Waiting For Never,track,Twelve Carat Toothache (Deluxe),16,2022-06-07
611,111,Drake,A Keeper,track,"Honestly, Nevermind",14,2022-06-17
612,112,Izzamuzzic,Shootout,track,Shootout,1,2022-06-30
613,113,Yuridia,¿Y Qué Tal Si Funciona?,track,Pa' Luego Es Tarde,14,2022-10-20
614,114,Connor Price,Chatter,track,Chatter,1,2022-12-02
615,115,Fujii Kaze,Matsuri,track,LOVE ALL SERVE ALL,11,2022-03-23
616,116,Tyga,Freaky Deaky,track,Freaky Deaky,1,2022-02-25
617,117,beabadoobee,10:36,track,Beatopia,14,2022-07-15
618,118,Josh Ross,First Taste of Gone,track,First Taste of Gone,1,2022-02-11
619,119,BLACKPINK,Shut Down,track,BORN PINK,8,2022-09-16
620,120,Rauw Alejandro,LOKERA,track,LOKERA,1,2022-07-25
621,121,Conan Gray,Yours,track,Superache,12,2022-06-24
622,122,Fireboy DML,Bandana,track,Playboy,14,2022-08-04
623,123,Oxlade,KU LO SA - A COLORS SHOW,track,KU LO SA - A COLORS SHOW,1,2022-06-10
624,124,Taylor Swift,Bejeweled,track,Midnights (3am Edition),20,2022-10-22
625,125,Río Roma,Tú Me Gustas,track,Tú Me Gustas,1,2022-03-04
626,126,Ashley Cooke,never til now,track,Already Drank That Beer,9,2022-04-01
627,127,Memphis May Fire,Make Believe,track,Make Believe,7,2022-02-18
628,128,Muscadine Bloodline,Dyin' For a Livin',track,Dispatch to 16th Ave.,9,2022-02-04
629,129,The Maine,Loved You A Little (with Taking Back Sunday and Charlotte Sands),track,Loved You A Little (with Taking Back Sunday and Charlotte Sands),1,2022-01-20
630,130,Tom Odell,Best Day Of My Life,track,Best Day of My Life,12,2022-10-28
631,131,Kidd G,People Talk,track,People Talk,1,2022-04-15
632,132,Cordae,Super,track,From a Birds Eye View,14,2022-01-14
633,133,Post Malone,Wasting Angels (with The Kid LAROI),track,Twelve Carat Toothache,14,2022-06-03
634,134,Stray Kids,"TASTE (Lee Know, Hyunjin, Felix)",track,MAXIDENT,8,2022-10-07
635,135,Beyoncé,MOVE (feat. Grace Jones & Tems),track,RENAISSANCE,16,2022-07-29
636,136,GRAHAM,Mad It's My Fault,track,Mad It's My Fault,1,2022-07-08
637,137,Chase Matthew,Can't Hide Love,track,Born for This,12,2022-02-11
638,138,Benson Boone,Work of Art,track,Walk Me Home...,8,2022-07-29
639,139,Dylan Schneider,Ain't Missin' You,track,Ain't Missin' You,1,2022-09-16
640,140,LE SSERAFIM,ANTIFRAGILE,track,ANTIFRAGILE,5,2022-10-17
641,141,Porter Robinson,Everything Goes On,track,Everything Goes On,1,2022-07-14
642,142,LE SSERAFIM,Good Parts (when the quality is bad but I am),track,ANTIFRAGILE,5,2022-10-17
643,143,Cults,Gilded Lily - Sped Up,track,Offering,13,2022-10-26
644,144,Punctual,Do It All Again,track,Do It All Again,1,2022-02-11
645,145,Jung Kook,My You,track,My You,1,2022-06-13
646,146,BLACKPINK,Pink Venom,track,Pink Venom,1,2022-08-19
647,147,Bette Midler,One Way or Another (Hocus Pocus 2 Version),track,Hocus Pocus 2 (Original Soundtrack),28,2022-09-30
648,148,Chase Matthew,Love You Again,track,Love You Again,1,2022-12-09
649,149,Lil Durk,Mad Max,track,Lil Durk Presents: Loyal Bros 2,23,2022-12-16
650,150,Taylor Swift,"You're On Your Own, Kid",track,Midnights (3am Edition),20,2022-10-22
651,151,The Lumineers,WHERE WE ARE,track,BRIGHTSIDE,9,2022-01-14
652,152,Ski Mask The Slump God,OOGA BOOGA!,track,OOGA BOOGA!,1,2022-10-25
653,153,MEDUZA,Bad Memories (feat. Elley Duhé & FAST BOY),track,Bad Memories (feat. Elley Duhé & FAST BOY),1,2022-07-22
654,154,Lady Gaga,Hold My Hand,track,"Hold My Hand (Music From The Motion Picture ""Top Gun: Maverick"")",1,2022-05-03
655,155,Big Thief,Change,track,Dragon New Warm Mountain I Believe In You,20,2022-02-11
656,156,d4vd,Dirty Secrets,track,Dirty Secrets,1,2022-04-27
657,157,ENHYPEN,Future Perfect (Pass the MIC),track,MANIFESTO : DAY 1,6,2022-07-04
658,158,Huey Mack,Carry Me Home (feat. Charles Wesley Godwin),track,The Cozy Bar,14,2022-10-21
659,159,Fireboy DML,Peru,track,Playboy,14,2022-08-04
660,160,Post Malone,Waiting For Never,track,Twelve Carat Toothache (Deluxe),16,2022-06-07
661,161,Drake,A Keeper,track,"Honestly, Nevermind",14,2022-06-17
662,162,Izzamuzzic,Shootout,track,Shootout,1,2022-06-30
663,163,Yuridia,¿Y Qué Tal Si Funciona?,track,Pa' Luego Es Tarde,14,2022-10-20
664,164,Connor Price,Chatter,track,Chatter,1,2022-12-02
665,165,Fujii Kaze,Matsuri,track,LOVE ALL SERVE ALL,11,2022-03-23
666,166,Tyga,Freaky Deaky,track,Freaky Deaky,1,2022-02-25
667,167,beabadoobee,10:36,track,Beatopia,14,2022-07-15
668,168,Josh Ross,First Taste of Gone,track,First Taste of Gone,1,2022-02-11
669,169,BLACKPINK,Shut Down,track,BORN PINK,8,2022-09-16
670,170,Rauw Alejandro,LOKERA,track,LOKERA,1,2022-07-25
671,171,Conan Gray,Yours,track,Superache,12,2022-06-24
672,172,Fireboy DML,Bandana,track,Playboy,14,2022-08-04
673,173,Oxlade,KU LO SA - A COLORS SHOW,track,KU LO SA - A COLORS SHOW,1,2022-06-10
674,174,Taylor Swift,Bejeweled,track,Midnights (3am Edition),20,2022-10-22
675,175,Río Roma,Tú Me Gustas,track,Tú Me Gustas,1,2022-03-04
676,176,Ashley Cooke,never til now,track,Already Drank That Beer,9,2022-04-01
677,177,Memphis May Fire,Make Believe,track,Make Believe,7,2022-02-18
678,178,Muscadine Bloodline,Dyin' For a Livin',track,Dispatch to 16th Ave.,9,2022-02-04
679,179,The Maine,Loved You A Little (with Taking Back Sunday and Charlotte Sands),track,Loved You A Little (with Taking Back Sunday and Charlotte Sands),1,2022-01-20
680,180,Tom Odell,Best Day Of My Life,track,Best Day of My Life,12,2022-10-28
681,181,Kidd G,People Talk,track,People Talk,1,2022-04-15
682,182,Cordae,Super,track,From a Birds Eye View,14,2022-01-14
683,183,Post Malone,Wasting Angels (with The Kid LAROI),track,Twelve Carat Toothache,14,2022-06-03
684,184,Stray Kids,"TASTE (Lee Know, Hyunjin, Felix)",track,MAXIDENT,8,2022-10-07
685,185,Beyoncé,MOVE (feat. Grace Jones & Tems),track,RENAISSANCE,16,2022-07-29
686,186,GRAHAM,Mad It's My Fault,track,Mad It's My Fault,1,2022-07-08
687,187,Chase Matthew,Can't Hide Love,track,Born for This,12,2022-02-11
688,188,Benson Boone,Work of Art,track,Walk Me Home...,8,2022-07-29
689,189,Dylan Schneider,Ain't Missin' You,track,Ain't Missin' You,1,2022-09-16
690,190,LE SSERAFIM,ANTIFRAGILE,track,ANTIFRAGILE,5,2022-10-17
691,191,Porter Robinson,Everything Goes On,track,Everything Goes On,1,2022-07-14
692,192,LE SSERAFIM,Good Parts (when the quality is bad but I am),track,ANTIFRAGILE,5,2022-10-17
693,193,Cults,Gilded Lily - Sped Up,track,Offering,13,2022-10-26
694,194,Punctual,Do It All Again,track,Do It All Again,1,2022-02-11
695,195,Jung Kook,My You,track,My You,1,2022-06-13
696,196,BLACKPINK,Pink Venom,track,Pink Venom,1,2022-08-19
697,197,Bette Midler,One Way or Another (Hocus Pocus 2 Version),track,Hocus Pocus 2 (Original Soundtrack),28,2022-09-30
698,198,Chase Matthew,Love You Again,track,Love You Again,1,2022-12-09
699,199,Lil Durk,Mad Max,track,Lil Durk Presents: Loyal Bros 2,23,2022-12-16
700,200,Taylor Swift,"You're On Your Own, Kid",track,Midnights (3am Edition),20,2022-10-22
701,201,The Lumineers,WHERE WE ARE,track,BRIGHTSIDE,9,2022-01-14
702,202,Ski Mask The Slump God,OOGA BOOGA!,track,OOGA BOOGA!,1,2022-10-25
703,203,MEDUZA,Bad Memories (feat. Elley Duhé & FAST BOY),track,Bad Memories (feat. Elley Duhé & FAST BOY),1,2022-07-22
704,204,Lady Gaga,Hold My Hand,track,"Hold My Hand (Music From The Motion Picture ""Top Gun: Maverick"")",1,2022-05-03
705,205,Big Thief,Change,track,Dragon New Warm Mountain I Believe In You,20,2022-02-11
706,206,d4vd,Dirty Secrets,track,Dirty Secrets,1,2022-04-27
707,207,ENHYPEN,Future Perfect (Pass the MIC),track,MANIFESTO : DAY 1,6,2022-07-04
708,208,Huey Mack,Carry Me Home (feat. Charles Wesley Godwin),track,The Cozy Bar,14,2022-10-21
709,209,Fireboy DML,Peru,track,Playboy,14,2022-08-04
710,210,Post Malone,Waiting For Never,track,Twelve Carat Toothache (Deluxe),16,2022-06-07
711,211,Drake,A Keeper,track,"Honestly, Nevermind",14,2022-06-17
712,212,Izzamuzzic,Shootout,track,Shootout,1,2022-06-30
713,213,Yuridia,¿Y Qué Tal Si Funciona?,track,Pa' Luego Es Tarde,14,2022-10-20
714,214,Connor Price,Chatter,track,Chatter,1,2022-12-02
715,215,Fujii Kaze,Matsuri,track,LOVE ALL SERVE ALL,11,2022-03-23
716,216,Tyga,Freaky Deaky,track,Freaky Deaky,1,2022-02-25
717,217,beabadoobee,10:36,track,Beatopia,14,2022-07-15
718,218,Josh Ross,First Taste of Gone,track,First Taste of Gone,1,2022-02-11
719,219,BLACKPINK,Shut Down,track,BORN PINK,8,2022-09-16
720,220,Rauw Alejandro,LOKERA,track,LOKERA,1,2022-07-25
721,221,Conan Gray,Yours,track,Superache,12,2022-06-24
722,222,Fireboy DML,Bandana,track,Playboy,14,2022-08-04
723,223,Oxlade,KU LO SA - A COLORS SHOW,track,KU LO SA - A COLORS SHOW,1,2022-06-10
724,224,Taylor Swift,Bejeweled,track,Midnights (3am Edition),20,2022-10-22
725,225,Río Roma,Tú Me Gustas,track,Tú Me Gustas,1,2022-03-04
726,226,Ashley Cooke,never til now,track,Already Drank That Beer,9,2022-04-01
727,227,Memphis May Fire,Make Believe,track,Make Believe,7,2022-02-18
728,228,Muscadine Bloodline,Dyin' For a Livin',track,Dispatch to 16th Ave.,9,2022-02-04
729,229,The Maine,Loved You A Little (with Taking Back Sunday and Charlotte Sands),track,Loved You A Little (with Taking Back Sunday and Charlotte Sands),1,2022-01-20
730,230,Tom Odell,Best Day Of My Life,track,Best Day of My Life,12,2022-10-28
731,231,Kidd G,People Talk,track,People Talk,1,2022-04-15
732,232,Cordae,Super,track,From a Birds Eye View,14,2022-01-14
733,233,Post Malone,Wasting Angels (with The Kid LAROI),track,Twelve Carat Toothache,14,2022-06-03
734,234,Stray Kids,"TASTE (Lee Know, Hyunjin, Felix)",track,MAXIDENT,8,2022-10-07
735,235,Beyoncé,MOVE (feat. Grace Jones & Tems),track,RENAISSANCE,16,2022-07-29
736,236,GRAHAM,Mad It's My Fault,track,Mad It's My Fault,1,2022-07-08
737,237,Chase Matthew,Can't Hide Love,track,Born for This,12,2022-02-11
738,238,Benson Boone,Work of Art,track,Walk Me Home...,8,2022-07-29
739,239,Dylan Schneider,Ain't Missin' You,track,Ain't Missin' You,1,2022-09-16
740,240,LE SSERAFIM,ANTIFRAGILE,track,ANTIFRAGILE,5,2022-10-17
741,241,Porter Robinson,Everything Goes On,track,Everything Goes On,1,2022-07-14
742,242,LE SSERAFIM,Good Parts (when the quality is bad but I am),track,ANTIFRAGILE,5,2022-10-17
743,243,Cults,Gilded Lily - Sped Up,track,Offering,13,2022-10-26
744,244,Punctual,Do It All Again,track,Do It All Again,1,2022-02-11
745,245,Jung Kook,My You,track,My You,1,2022-06-13
746,246,BLACKPINK,Pink Venom,track,Pink Venom,1,2022-08-19
747,247,Bette Midler,One Way or Another (Hocus Pocus 2 Version),track,Hocus Pocus 2 (Original Soundtrack),28,2022-09-30
748,248,Chase Matthew,Love You Again,track,Love You Again,1,2022-12-09
749,249,Lil Durk,Mad Max,track,Lil Durk Presents: Loyal Bros 2,23,2022-12-16
750,250,Taylor Swift,"You're On Your Own, Kid",track,Midnights (3am Edition),20,2022-10-22
751,251,The Lumineers,WHERE WE ARE,track,BRIGHTSIDE,9,2022-01-14
752,252,Ski Mask The Slump God,OOGA BOOGA!,track,OOGA BOOGA!,1,2022-10-25
753,253,MEDUZA,Bad Memories (feat. Elley Duhé & FAST BOY),track,Bad Memories (feat. Elley Duhé & FAST BOY),1,2022-07-22
754,254,Lady Gaga,Hold My Hand,track,"Hold My Hand (Music From The Motion Picture ""Top Gun: Maverick"")",1,2022-05-03
755,255,Big Thief,Change,track,Dragon New Warm Mountain I Believe In You,20,2022-02-11
756,256,d4vd,Dirty Secrets,track,Dirty Secrets,1,2022-04-27
757,257,ENHYPEN,Future Perfect (Pass the MIC),track,MANIFESTO : DAY 1,6,2022-07-04
758,258,Huey Mack,Carry Me Home (feat. Charles Wesley Godwin),track,The Cozy Bar,14,2022-10-21
759,259,Fireboy DML,Peru,track,Playboy,14,2022-08-04
760,260,Post Malone,Waiting For Never,track,Twelve Carat Toothache (Deluxe),16,2022-06-07
761,261,Drake,A Keeper,track,"Honestly, Nevermind",14,2022-06-17
762,262,Izzamuzzic,Shootout,track,Shootout,1,2022-06-30
763,263,Yuridia,¿Y Qué Tal Si Funciona?,track,Pa' Luego Es Tarde,14,2022-10-20
764,264,Connor Price,Chatter,track,Chatter,1,2022-12-02
765,265,Fujii Kaze,Matsuri,track,LOVE ALL SERVE ALL,11,2022-03-23
766,266,Tyga,Freaky Deaky,track,Freaky Deaky,1,2022-02-25
767,267,beabadoobee,10:36,track,Beatopia,14,2022-07-15
768,268,Josh Ross,First Taste of Gone,track,First Taste of Gone,1,2022-02-11
769,269,BLACKPINK,Shut Down,track,BORN PINK,8,2022-09-16
770,270,Rauw Alejandro,LOKERA,track,LOKERA,1,2022-07-25
771,271,Conan Gray,Yours,track,Superache,12,2022-06-24
772,272,Fireboy DML,Bandana,track,Playboy,14,2022-08-04
773,273,Oxlade,KU LO SA - A COLORS SHOW,track,KU LO SA - A COLORS SHOW,1,2022-06-10
774,274,Taylor Swift,Bejeweled,track,Midnights (3am Edition),20,2022-10-22
775,275,Río Roma,Tú Me Gustas,track,Tú Me Gustas,1,2022-03-04
776,276,Ashley Cooke,never til now,track,Already Drank That Beer,9,2022-04-01
777,277,Memphis May Fire,Make Believe,track,Make Believe,7,2022-02-18
778,278,Muscadine Bloodline,Dyin' For a Livin',track,Dispatch to 16th Ave.,9,2022-02-04
779,279,The Maine,Loved You A Little (with Taking Back Sunday and Charlotte Sands),track,Loved You A Little (with Taking Back Sunday and Charlotte Sands),1,2022-01-20
780,280,Tom Odell,Best Day Of My Life,track,Best Day of My Life,12,2022-10-28
781,281,Kidd G,People Talk,track,People Talk,1,2022-04-15
782,282,Cordae,Super,track,From a Birds Eye View,14,2022-01-14
783,283,Post Malone,Wasting Angels (with The Kid LAROI),track,Twelve Carat Toothache,14,2022-06-03
784,284,Stray Kids,"TASTE (Lee Know, Hyunjin, Felix)",track,MAXIDENT,8,2022-10-07
785,285,Beyoncé,MOVE (feat. Grace Jones & Tems),track,RENAISSANCE,16,2022-07-29
786,286,GRAHAM,Mad It's My Fault,track,Mad It's My Fault,1,2022-07-08
787,287,Chase Matthew,Can't Hide Love,track,Born for This,12,2022-02-11
788,288,Benson Boone,Work of Art,track,Walk Me Home...,8,2022-07-29
789,289,Dylan Schneider,Ain't Missin' You,track,Ain't Missin' You,1,2022-09-16
790,290,LE SSERAFIM,ANTIFRAGILE,track,ANTIFRAGILE,5,2022-10-17
791,291,Porter Robinson,Everything Goes On,track,Everything Goes On,1,2022-07-14
792,292,LE SSERAFIM,Good Parts (when the quality is bad but I am),track,ANTIFRAGILE,5,2022-10-17
793,293,Cults,Gilded Lily - Sped Up,track,Offering,13,2022-10-26
794,294,Punctual,Do It All Again,track,Do It All Again,1,2022-02-11
795,295,Jung Kook,My You,track,My You,1,2022-06-13
796,296,BLACKPINK,Pink Venom,track,Pink Venom,1,2022-08-19
797,297,Bette Midler,One Way or Another (Hocus Pocus 2 Version),track,Hocus Pocus 2 (Original Soundtrack),28,2022-09-30
798,298,Chase Matthew,Love You Again,track,Love You Again,1,2022-12-09
799,299,Lil Durk,Mad Max,track,Lil Durk Presents: Loyal Bros 2,23,2022-12-16
800,300,Taylor Swift,"You're On Your Own, Kid",track,Midnights (3am Edition),20,2022-10-22
801,301,The Lumineers,WHERE WE ARE,track,BRIGHTSIDE,9,2022-01-14
802,302,Ski Mask The Slump God,OOGA BOOGA!,track,OOGA BOOGA!,1,2022-10-25
803,303,MEDUZA,Bad Memories (feat. Elley Duhé & FAST BOY),track,Bad Memories (feat. Elley Duhé & FAST BOY),1,2022-07-22
804,304,Lady Gaga,Hold My Hand,track,"Hold My Hand (Music From The Motion Picture ""Top Gun: Maverick"")",1,2022-05-03
805,305,Big Thief,Change,track,Dragon New Warm Mountain I Believe In You,20,2022-02-11
806,306,d4vd,Dirty Secrets,track,Dirty Secrets,1,2022-04-27
807,307,ENHYPEN,Future Perfect (Pass the MIC),track,MANIFESTO : DAY 1,6,2022-07-04
808,308,Huey Mack,Carry Me Home (feat. Charles Wesley Godwin),track,The Cozy Bar,14,2022-10-21
809,309,Fireboy DML,Peru,track,Playboy,14,2022-08-04
810,310,Post Malone,Waiting For Never,track,Twelve Carat Toothache (Deluxe),16,2022-06-07
811,311,Drake,A Keeper,track,"Honestly, Nevermind",14,2022-06-17
812,312,Izzamuzzic,Shootout,track,Shootout,1,2022-06-30
813,313,Yuridia,¿Y Qué Tal Si Funciona?,track,Pa' Luego Es Tarde,14,2022-10-20
814,314,Connor Price,Chatter,track,Chatter,1,2022-12-02
815,315,Fujii Kaze,Matsuri,track,LOVE ALL SERVE ALL,11,2022-03-23
816,316,Tyga,Freaky Deaky,track,Freaky Deaky,1,2022-02-25
817,317,beabadoobee,10:36,track,Beatopia,14,2022-07-15
818,318,Josh Ross,First Taste of Gone,track,First Taste of Gone,1,2022-02-11
819,319,BLACKPINK,Shut Down,track,BORN PINK,8,2022-09-16
820,320,Rauw Alejandro,LOKERA,track,LOKERA,1,2022-07-25
821,321,Conan Gray,Yours,track,Superache,12,2022-06-24
822,322,Fireboy DML,Bandana,track,Playboy,14,2022-08-04
823,323,Oxlade,KU LO SA - A COLORS SHOW,track,KU LO SA - A COLORS SHOW,1,2022-06-10
824,324,Taylor Swift,Bejeweled,track,Midnights (3am Edition),20,2022-10-22
825,325,Río Roma,Tú Me Gustas,track,Tú Me Gustas,1,2022-03-04
826,326,Ashley Cooke,never til now,track,Already Drank That Beer,9,2022-04-01
827,327,Memphis May Fire,Make Believe,track,Make Believe,7,2022-02-18
828,328,Muscadine Bloodline,Dyin' For a Livin',track,Dispatch to 16th Ave.,9,2022-02-04
829,329,The Maine,Loved You A Little (with Taking Back Sunday and Charlotte Sands),track,Loved You A Little (with Taking Back Sunday and Charlotte Sands),1,2022-01-20
830,330,Tom Odell,Best Day Of My Life,track,Best Day of My Life,12,2022-10-28
831,331,Kidd G,People Talk,track,People Talk,1,2022-04-15
832,332,Cordae,Super,track,From a Birds Eye View,14,2022-01-14
833,333,Post Malone,Wasting Angels (with The Kid LAROI),track,Twelve Carat Toothache,14,2022-06-03
834,334,Stray Kids,"TASTE (Lee Know, Hyunjin, Felix)",track,MAXIDENT,8,2022-10-07
835,335,Beyoncé,MOVE (feat. Grace Jones & Tems),track,RENAISSANCE,16,2022-07-29
836,336,GRAHAM,Mad It's My Fault,track,Mad It's My Fault,1,2022-07-08
837,337,Chase Matthew,Can't Hide Love,track,Born for This,12,2022-02-11
838,338,Benson Boone,Work of Art,track,Walk Me Home...,8,2022-07-29
839,339,Dylan Schneider,Ain't Missin' You,track,Ain't Missin' You,1,2022-09-16
840,340,LE SSERAFIM,ANTIFRAGILE,track,ANTIFRAGILE,5,2022-10-17
841,341,Porter Robinson,Everything Goes On,track,Everything Goes On,1,2022-07-14
842,342,LE SSERAFIM,Good Parts (when the quality is bad but I am),track,ANTIFRAGILE,5,2022-10-17
843,343,Cults,Gilded Lily - Sped Up,track,Offering,13,2022-10-26
844,344,Punctual,Do It All Again,track,Do It All Again,1,2022-02-11
845,345,Jung Kook,My You,track,My You,1,2022-06-13
846,346,BLACKPINK,Pink Venom,track,Pink Venom,1,2022-08-19
847,347,Bette Midler,One Way or Another (Hocus Pocus 2 Version),track,Hocus Pocus 2 (Original Soundtrack),28,2022-09-30
848,348,Chase Matthew,Love You Again,track,Love You Again,1,2022-12-09
849,349,Lil Durk,Mad Max,track,Lil Durk Presents: Loyal Bros 2,23,2022-12-16
850,350,Taylor Swift,"You're On Your Own, Kid",track,Midnights (3am Edition),20,2022-10-22
851,351,The Lumineers,WHERE WE ARE,track,BRIGHTSIDE,9,2022-01-14
852,352,Ski Mask The Slump God,OOGA BOOGA!,track,OOGA BOOGA!,1,2022-10-25
853,353,MEDUZA,Bad Memories (feat. Elley Duhé & FAST BOY),track,Bad Memories (feat. Elley Duhé & FAST BOY),1,2022-07-22
854,354,Lady Gaga,Hold My Hand,track,"Hold My Hand (Music From The Motion Picture ""Top Gun: Maverick"")",1,2022-05-03
855,355,Big Thief,Change,track,Dragon New Warm Mountain I Believe In You,20,2022-02-11
856,356,d4vd,Dirty Secrets,track,Dirty Secrets,1,2022-04-27
857,357,ENHYPEN,Future Perfect (Pass the MIC),track,MANIFESTO : DAY 1,6,2022-07-04
858,358,Huey Mack,Carry Me Home (feat. Charles Wesley Godwin),track,The Cozy Bar,14,2022-10-21
859,359,Fireboy DML,Peru,track,Playboy,14,2022-08-04
860,360,Post Malone,Waiting For Never,track,Twelve Carat Toothache (Deluxe),16,2022-06-07
861,361,Drake,A Keeper,track,"Honestly, Nevermind",14,2022-06-17
862,362,Izzamuzzic,Shootout,track,Shootout,1,2022-06-30
863,363,Yuridia,¿Y Qué Tal Si Funciona?,track,Pa' Luego Es Tarde,14,2022-10-20
864,364,Connor Price,Chatter,track,Chatter,1,2022-12-02
865,365,Fujii Kaze,Matsuri,track,LOVE ALL SERVE ALL,11,2022-03-23
866,366,Tyga,Freaky Deaky,track,Freaky Deaky,1,2022-02-25
867,367,beabadoobee,10:36,track,Beatopia,14,2022-07-15
868,368,Josh Ross,First Taste of Gone,track,First Taste of Gone,1,2022-02-11
869,369,BLACKPINK,Shut Down,track,BORN PINK,8,2022-09-16
870,370,Rauw Alejandro,LOKERA,track,LOKERA,1,2022-07-25
871,371,Conan Gray,Yours,track,Superache,12,2022-06-24
872,372,Fireboy DML,Bandana,track,Playboy,14,2022-08-04
873,373,Oxlade,KU LO SA - A COLORS SHOW,track,KU LO SA - A COLORS SHOW,1,2022-06-10
874,374,Taylor Swift,Bejeweled,track,Midnights (3am Edition),20,2022-10-22
875,375,Río Roma,Tú Me Gustas,track,Tú Me Gustas,1,2022-03-04
876,376,Ashley Cooke,never til now,track,Already Drank That Beer,9,2022-04-01
877,377,Memphis May Fire,Make Believe,track,Make Believe,7,2022-02-18
878,378,Muscadine Bloodline,Dyin' For a Livin',track,Dispatch to 16th Ave.,9,2022-02-04
879,379,The Maine,Loved You A Little (with Taking Back Sunday and Charlotte Sands),track,Loved You A Little (with Taking Back Sunday and Charlotte Sands),1,2022-01-20
880,380,Tom Odell,Best Day Of My Life,track,Best Day of My Life,12,2022-10-28
881,381,Kidd G,People Talk,track,People Talk,1,2022-04-15
882,382,Cordae,Super,track,From a Birds Eye View,14,2022-01-14
883,383,Post Malone,Wasting Angels (with The Kid LAROI),track,Twelve Carat Toothache,14,2022-06-03
884,384,Stray Kids,"TASTE (Lee Know, Hyunjin, Felix)",track,MAXIDENT,8,2022-10-07
885,385,Beyoncé,MOVE (feat. Grace Jones & Tems),track,RENAISSANCE,16,2022-07-29
886,386,GRAHAM,Mad It's My Fault,track,Mad It's My Fault,1,2022-07-08
887,387,Chase Matthew,Can't Hide Love,track,Born for This,12,2022-02-11
888,388,Benson Boone,Work of Art,track,Walk Me Home...,8,2022-07-29
889,389,Dylan Schneider,Ain't Missin' You,track,Ain't Missin' You,1,2022-09-16
890,390,LE SSERAFIM,ANTIFRAGILE,track,ANTIFRAGILE,5,2022-10-17
891,391,Porter Robinson,Everything Goes On,track,Everything Goes On,1,2022-07-14
892,392,LE SSERAFIM,Good Parts (when the quality is bad but I am),track,ANTIFRAGILE,5,2022-10-17
893,393,Cults,Gilded Lily - Sped Up,track,Offering,13,2022-10-26
894,394,Punctual,Do It All Again,track,Do It All Again,1,2022-02-11
895,395,Jung Kook,My You,track,My You,1,2022-06-13
896,396,BLACKPINK,Pink Venom,track,Pink Venom,1,2022-08-19
897,397,Bette Midler,One Way or Another (Hocus Pocus 2 Version),track,Hocus Pocus 2 (Original Soundtrack),28,2022-09-30
898,398,Chase Matthew,Love You Again,track,Love You Again,1,2022-12-09
899,399,Lil Durk,Mad Max,track,Lil Durk Presents: Loyal Bros 2,23,2022-12-16
900,400,Taylor Swift,"You're On Your Own, Kid",track,Midnights (3am Edition),20,2022-10-22
901,401,The Lumineers,WHERE WE ARE,track,BRIGHTSIDE,9,2022-01-14
902,402,Ski Mask The Slump God,OOGA BOOGA!,track,OOGA BOOGA!,1,2022-10-25
903,403,MEDUZA,Bad Memories (feat. Elley Duhé & FAST BOY),track,Bad Memories (feat. Elley Duhé & FAST BOY),1,2022-07-22
904,404,Lady Gaga,Hold My Hand,track,"Hold My Hand (Music From The Motion Picture ""Top Gun: Maverick"")",1,2022-05-03
905,405,Big Thief,Change,track,Dragon New Warm Mountain I Believe In You,20,2022-02-11
906,406,d4vd,Dirty Secrets,track,Dirty Secrets,1,2022-04-27
907,407,ENHYPEN,Future Perfect (Pass the MIC),track,MANIFESTO : DAY 1,6,2022-07-04
908,408,Huey Mack,Carry Me Home (feat. Charles Wesley Godwin),track,The Cozy Bar,14,2022-10-21
909,409,Fireboy DML,Peru,track,Playboy,14,2022-08-04
910,410,Post Malone,Waiting For Never,track,Twelve Carat Toothache (Deluxe),16,2022-06-07
911,411,Drake,A Keeper,track,"Honestly, Nevermind",14,2022-06-17
912,412,Izzamuzzic,Shootout,track,Shootout,1,2022-06-30
913,413,Yuridia,¿Y Qué Tal Si Funciona?,track,Pa' Luego Es Tarde,14,2022-10-20
914,414,Connor Price,Chatter,track,Chatter,1,2022-12-02
915,415,Fujii Kaze,Matsuri,track,LOVE ALL SERVE ALL,11,2022-03-23
916,416,Tyga,Freaky Deaky,track,Freaky Deaky,1,2022-02-25
917,417,beabadoobee,10:36,track,Beatopia,14,2022-07-15
918,418,Josh Ross,First Taste of Gone,track,First Taste of Gone,1,2022-02-11
919,419,BLACKPINK,Shut Down,track,BORN PINK,8,2022-09-16
920,420,Rauw Alejandro,LOKERA,track,LOKERA,1,2022-07-25
921,421,Conan Gray,Yours,track,Superache,12,2022-06-24
922,422,Fireboy DML,Bandana,track,Playboy,14,2022-08-04
923,423,Oxlade,KU LO SA - A COLORS SHOW,track,KU LO SA - A COLORS SHOW,1,2022-06-10
924,424,Taylor Swift,Bejeweled,track,Midnights (3am Edition),20,2022-10-22
925,425,Río Roma,Tú Me Gustas,track,Tú Me Gustas,1,2022-03-04
926,426,Ashley Cooke,never til now,track,Already Drank That Beer,9,2022-04-01
927,427,Memphis May Fire,Make Believe,track,Make Believe,7,2022-02-18
928,428,Muscadine Bloodline,Dyin' For a Livin',track,Dispatch to 16th Ave.,9,2022-02-04
929,429,The Maine,Loved You A Little (with Taking Back Sunday and Charlotte Sands),track,Loved You A Little (with Taking Back Sunday and Charlotte Sands),1,2022-01-20
930,430,Tom Odell,Best Day Of My Life,track,Best Day of My Life,12,2022-10-28
931,431,Kidd G,People Talk,track,People Talk,1,2022-04-15
932,432,Cordae,Super,track,From a Birds Eye View,14,2022-01-14
933,433,Post Malone,Wasting Angels (with The Kid LAROI),track,Twelve Carat Toothache,14,2022-06-03
934,434,Stray Kids,"TASTE (Lee Know, Hyunjin, Felix)",track,MAXIDENT,8,2022-10-07
935,435,Beyoncé,MOVE (feat. Grace Jones & Tems),track,RENAISSANCE,16,2022-07-29
936,436,GRAHAM,Mad It's My Fault,track,Mad It's My Fault,1,2022-07-08
937,437,Chase Matthew,Can't Hide Love,track,Born for This,12,2022-02-11
938,438,Benson Boone,Work of Art,track,Walk Me Home...,8,2022-07-29
939,439,Dylan Schneider,Ain't Missin' You,track,Ain't Missin' You,1,2022-09-16
940,440,LE SSERAFIM,ANTIFRAGILE,track,ANTIFRAGILE,5,2022-10-17
941,441,Porter Robinson,Everything Goes On,track,Everything Goes On,1,2022-07-14
942,442,LE SSERAFIM,Good Parts (when the quality is bad but I am),track,ANTIFRAGILE,5,2022-10-17
943,443,Cults,Gilded Lily - Sped Up,track,Offering,13,2022-10-26
944,444,Punctual,Do It All Again,track,Do It All Again,1,2022-02-11
945,445,Jung Kook,My You,track,My You,1,2022-06-13
946,446,BLACKPINK,Pink Venom,track,Pink Venom,1,2022-08-19
947,447,Bette Midler,One Way or Another (Hocus Pocus 2 Version),track,Hocus Pocus 2 (Original Soundtrack),28,2022-09-30
948,448,Chase Matthew,Love You Again,track,Love You Again,1,2022-12-09
949,449,Lil Durk,Mad Max,track,Lil Durk Presents: Loyal Bros 2,23,2022-12-16
950,450,Taylor Swift,"You're On Your Own, Kid",track,Midnights (3am Edition),20,2022-10-22
951,451,The Lumineers,WHERE WE ARE,track,BRIGHTSIDE,9,2022-01-14
952,452,Ski Mask The Slump God,OOGA BOOGA!,track,OOGA BOOGA!,1,2022-10-25
953,453,MEDUZA,Bad Memories (feat. Elley Duhé & FAST BOY),track,Bad Memories (feat. Elley Duhé & FAST BOY),1,2022-07-22
954,454,Lady Gaga,Hold My Hand,track,"Hold My Hand (Music From The Motion Picture ""Top Gun: Maverick"")",1,2022-05-03
955,455,Big Thief,Change,track,Dragon New Warm Mountain I Believe In You,20,2022-02-11
956,456,d4vd,Dirty Secrets,track,Dirty Secrets,1,2022-04-27
957,457,ENHYPEN,Future Perfect (Pass the MIC),track,MANIFESTO : DAY 1,6,2022-07-04
958,458,Huey Mack,Carry Me Home (feat. Charles Wesley Godwin),track,The Cozy Bar,14,2022-10-21
959,459,Fireboy DML,Peru,track,Playboy,14,2022-08-04
960,460,Post Malone,Waiting For Never,track,Twelve Carat Toothache (Deluxe),16,2022-06-07
961,461,Drake,A Keeper,track,"Honestly, Nevermind",14,2022-06-17
962,462,Izzamuzzic,Shootout,track,Shootout,1,2022-06-30
963,463,Yuridia,¿Y Qué Tal Si Funciona?,track,Pa' Luego Es Tarde,14,2022-10-20
964,464,Connor Price,Chatter,track,Chatter,1,2022-12-02
965,465,Fujii Kaze,Matsuri,track,LOVE ALL SERVE ALL,11,2022-03-23
966,466,Tyga,Freaky Deaky,track,Freaky Deaky,1,2022-02-25
967,467,beabadoobee,10:36,track,Beatopia,14,2022-07-15
968,468,Josh Ross,First Taste of Gone,track,First Taste of Gone,1,2022-02-11
969,469,BLACKPINK,Shut Down,track,BORN PINK,8,2022-09-16
970,470,Rauw Alejandro,LOKERA,track,LOKERA,1,2022-07-25
971,471,Conan Gray,Yours,track,Superache,12,2022-06-24
972,472,Fireboy DML,Bandana,track,Playboy,14,2022-08-04
973,473,Oxlade,KU LO SA - A COLORS SHOW,track,KU LO SA - A COLORS SHOW,1,2022-06-10
974,474,Taylor Swift,Bejeweled,track,Midnights (3am Edition),20,2022-10-22
975,475,Río Roma,Tú Me Gustas,track,Tú Me Gustas,1,2022-03-04
976,476,Ashley Cooke,never til now,track,Already Drank That Beer,9,2022-04-01
977,477,Memphis May Fire,Make Believe,track,Make Believe,7,2022-02-18
978,478,Muscadine Bloodline,Dyin' For a Livin',track,Dispatch to 16th Ave.,9,2022-02-04
979,479,The Maine,Loved You A Little (with Taking Back Sunday and Charlotte Sands),track,Loved You A Little (with Taking Back Sunday and Charlotte Sands),1,2022-01-20
980,480,Tom Odell,Best Day Of My Life,track,Best Day of My Life,12,2022-10-28
981,481,Kidd G,People Talk,track,People Talk,1,2022-04-15
982,482,Cordae,Super,track,From a Birds Eye View,14,2022-01-14
983,483,Post Malone,Wasting Angels (with The Kid LAROI),track,Twelve Carat Toothache,14,2022-06-03
984,484,Stray Kids,"TASTE (Lee Know, Hyunjin, Felix)",track,MAXIDENT,8,2022-10-07
985,485,Beyoncé,MOVE (feat. Grace Jones & Tems),track,RENAISSANCE,16,2022-07-29
986,486,GRAHAM,Mad It's My Fault,track,Mad It's My Fault,1,2022-07-08
987,487,Chase Matthew,Can't Hide Love,track,Born for This,12,2022-02-11
988,488,Benson Boone,Work of Art,track,Walk Me Home...,8,2022-07-29
989,489,Dylan Schneider,Ain't Missin' You,track,Ain't Missin' You,1,2022-09-16
990,490,LE SSERAFIM,ANTIFRAGILE,track,ANTIFRAGILE,5,2022-10-17
991,491,Porter Robinson,Everything Goes On,track,Everything Goes On,1,2022-07-14
992,492,LE SSERAFIM,Good Parts (when the quality is bad but I am),track,ANTIFRAGILE,5,2022-10-17
993,493,Cults,Gilded Lily - Sped Up,track,Offering,13,2022-10-26
994,494,Punctual,Do It All Again,track,Do It All Again,1,2022-02-11
995,495,Jung Kook,My You,track,My You,1,2022-06-13
996,496,BLACKPINK,Pink Venom,track,Pink Venom,1,2022-08-19
997,497,Bette Midler,One Way or Another (Hocus Pocus 2 Version),track,Hocus Pocus 2 (Original Soundtrack),28,2022-09-30
998,498,Chase Matthew,Love You Again,track,Love You Again,1,2022-12-09
999,499,Lil Durk,Mad Max,track,Lil Durk Presents: Loyal Bros 2,23,2022-12-16
